Attribute name,Type,Default value,mandatory
SAI_ACL_TABLE_GROUP_ATTR_ACL_STAGE,sai_acl_stage_t,SAI_ACL_STAGE_INGRESS,TRUE
SAI_ACL_TABLE_GROUP_ATTR_ACL_BIND_POINT_TYPE_LIST,sai_s32_list_t sai_acl_bind_point_type_t,empty,FALSE
SAI_ACL_TABLE_GROUP_ATTR_TYPE,sai_acl_table_group_type_t,SAI_ACL_TABLE_GROUP_TYPE_SEQUENTIAL,FALSE
SAI_ACL_TABLE_GROUP_ATTR_MEMBER_LIST,sai_object_list_t,empty list,FALSE
SAI_ACL_TABLE_GROUP_ATTR_CHAIN_GROUP_LIST,sai_object_list_t,empty list,FALSE
SAI_ACL_TABLE_CHAIN_GROUP_ATTR_TYPE,sai_acl_table_chain_group_type_t,SAI_ACL_TABLE_CHAIN_GROUP_TYPE_SEQUENTIAL,FALSE
SAI_ACL_TABLE_CHAIN_GROUP_ATTR_STAGE,sai_acl_table_chain_group_stage_t,SAI_ACL_TABLE_CHAIN_GROUP_STAGE_0,FALSE
SAI_ACL_TABLE_GROUP_MEMBER_ATTR_ACL_TABLE_GROUP_ID,sai_object_id_t,SAI_NULL_OBJECT_ID,TRUE
SAI_ACL_TABLE_GROUP_MEMBER_ATTR_ACL_TABLE_ID,sai_object_id_t,SAI_NULL_OBJECT_ID,TRUE
SAI_ACL_TABLE_GROUP_MEMBER_ATTR_PRIORITY,sai_uint32_t,0,TRUE
SAI_ACL_TABLE_GROUP_MEMBER_ATTR_ACL_TABLE_CHAIN_GROUP_ID,sai_object_id_t,SAI_NULL_OBJECT_ID,FALSE
SAI_ACL_TABLE_ATTR_ACL_STAGE,sai_acl_stage_t,SAI_ACL_STAGE_INGRESS,TRUE
SAI_ACL_TABLE_ATTR_ACL_BIND_POINT_TYPE_LIST,sai_s32_list_t sai_acl_bind_point_type_t,empty,FALSE
SAI_ACL_TABLE_ATTR_SIZE,sai_uint32_t,0,FALSE
SAI_ACL_TABLE_ATTR_ACL_ACTION_TYPE_LIST,sai_s32_list_t sai_acl_action_type_t,empty,FALSE
SAI_ACL_TABLE_ATTR_FIELD_SRC_IPV6,bool,FALSE,FALSE
SAI_ACL_TABLE_ATTR_FIELD_SRC_IPV6_WORD3,bool,FALSE,FALSE
SAI_ACL_TABLE_ATTR_FIELD_SRC_IPV6_WORD2,bool,FALSE,FALSE
SAI_ACL_TABLE_ATTR_FIELD_SRC_IPV6_WORD1,bool,FALSE,FALSE
SAI_ACL_TABLE_ATTR_FIELD_SRC_IPV6_WORD0,bool,FALSE,FALSE
SAI_ACL_TABLE_ATTR_FIELD_DST_IPV6,bool,FALSE,FALSE
SAI_ACL_TABLE_ATTR_FIELD_DST_IPV6_WORD3,bool,FALSE,FALSE
SAI_ACL_TABLE_ATTR_FIELD_DST_IPV6_WORD2,bool,FALSE,FALSE
SAI_ACL_TABLE_ATTR_FIELD_DST_IPV6_WORD1,bool,FALSE,FALSE
SAI_ACL_TABLE_ATTR_FIELD_DST_IPV6_WORD0,bool,FALSE,FALSE
SAI_ACL_TABLE_ATTR_FIELD_INNER_SRC_IPV6,bool,FALSE,FALSE
SAI_ACL_TABLE_ATTR_FIELD_INNER_DST_IPV6,bool,FALSE,FALSE
SAI_ACL_TABLE_ATTR_FIELD_SRC_MAC,bool,FALSE,FALSE
SAI_ACL_TABLE_ATTR_FIELD_DST_MAC,bool,FALSE,FALSE
SAI_ACL_TABLE_ATTR_FIELD_SRC_IP,bool,FALSE,FALSE
SAI_ACL_TABLE_ATTR_FIELD_DST_IP,bool,FALSE,FALSE
SAI_ACL_TABLE_ATTR_FIELD_INNER_SRC_IP,bool,FALSE,FALSE
SAI_ACL_TABLE_ATTR_FIELD_INNER_DST_IP,bool,FALSE,FALSE
SAI_ACL_TABLE_ATTR_FIELD_IN_PORTS,bool,FALSE,FALSE
SAI_ACL_TABLE_ATTR_FIELD_OUT_PORTS,bool,FALSE,FALSE
SAI_ACL_TABLE_ATTR_FIELD_IN_PORT,bool,FALSE,FALSE
SAI_ACL_TABLE_ATTR_FIELD_OUT_PORT,bool,FALSE,FALSE
SAI_ACL_TABLE_ATTR_FIELD_SRC_PORT,bool,FALSE,FALSE
SAI_ACL_TABLE_ATTR_FIELD_OUTER_VLAN_ID,bool,FALSE,FALSE
SAI_ACL_TABLE_ATTR_FIELD_OUTER_VLAN_PRI,bool,FALSE,FALSE
SAI_ACL_TABLE_ATTR_FIELD_OUTER_VLAN_CFI,bool,FALSE,FALSE
SAI_ACL_TABLE_ATTR_FIELD_INNER_VLAN_ID,bool,FALSE,FALSE
SAI_ACL_TABLE_ATTR_FIELD_INNER_VLAN_PRI,bool,FALSE,FALSE
SAI_ACL_TABLE_ATTR_FIELD_INNER_VLAN_CFI,bool,FALSE,FALSE
SAI_ACL_TABLE_ATTR_FIELD_L4_SRC_PORT,bool,FALSE,FALSE
SAI_ACL_TABLE_ATTR_FIELD_L4_DST_PORT,bool,FALSE,FALSE
SAI_ACL_TABLE_ATTR_FIELD_INNER_L4_SRC_PORT,bool,FALSE,FALSE
SAI_ACL_TABLE_ATTR_FIELD_INNER_L4_DST_PORT,bool,FALSE,FALSE
SAI_ACL_TABLE_ATTR_FIELD_ETHER_TYPE,bool,FALSE,FALSE
SAI_ACL_TABLE_ATTR_FIELD_INNER_ETHER_TYPE,bool,FALSE,FALSE
SAI_ACL_TABLE_ATTR_FIELD_IP_PROTOCOL,bool,FALSE,FALSE
SAI_ACL_TABLE_ATTR_FIELD_INNER_IP_PROTOCOL,bool,FALSE,FALSE
SAI_ACL_TABLE_ATTR_FIELD_IP_IDENTIFICATION,bool,FALSE,FALSE
SAI_ACL_TABLE_ATTR_FIELD_DSCP,bool,FALSE,FALSE
SAI_ACL_TABLE_ATTR_FIELD_ECN,bool,FALSE,FALSE
SAI_ACL_TABLE_ATTR_FIELD_TTL,bool,FALSE,FALSE
SAI_ACL_TABLE_ATTR_FIELD_TOS,bool,FALSE,FALSE
SAI_ACL_TABLE_ATTR_FIELD_IP_FLAGS,bool,FALSE,FALSE
SAI_ACL_TABLE_ATTR_FIELD_TCP_FLAGS,bool,FALSE,FALSE
SAI_ACL_TABLE_ATTR_FIELD_ACL_IP_TYPE,bool,FALSE,FALSE
SAI_ACL_TABLE_ATTR_FIELD_ACL_IP_FRAG,bool,FALSE,FALSE
SAI_ACL_TABLE_ATTR_FIELD_IPV6_FLOW_LABEL,bool,FALSE,FALSE
SAI_ACL_TABLE_ATTR_FIELD_TC,bool,FALSE,FALSE
SAI_ACL_TABLE_ATTR_FIELD_ICMP_TYPE,bool,FALSE,FALSE
SAI_ACL_TABLE_ATTR_FIELD_ICMP_CODE,bool,FALSE,FALSE
SAI_ACL_TABLE_ATTR_FIELD_ICMPV6_TYPE,bool,FALSE,FALSE
SAI_ACL_TABLE_ATTR_FIELD_ICMPV6_CODE,bool,FALSE,FALSE
SAI_ACL_TABLE_ATTR_FIELD_PACKET_VLAN,bool,FALSE,FALSE
SAI_ACL_TABLE_ATTR_FIELD_TUNNEL_VNI,bool,FALSE,FALSE
SAI_ACL_TABLE_ATTR_FIELD_HAS_VLAN_TAG,bool,FALSE,FALSE
SAI_ACL_TABLE_ATTR_FIELD_MACSEC_SCI,bool,FALSE,FALSE
SAI_ACL_TABLE_ATTR_FIELD_MPLS_LABEL0_LABEL,bool,FALSE,FALSE
SAI_ACL_TABLE_ATTR_FIELD_MPLS_LABEL0_TTL,bool,FALSE,FALSE
SAI_ACL_TABLE_ATTR_FIELD_MPLS_LABEL0_EXP,bool,FALSE,FALSE
SAI_ACL_TABLE_ATTR_FIELD_MPLS_LABEL0_BOS,bool,FALSE,FALSE
SAI_ACL_TABLE_ATTR_FIELD_MPLS_LABEL1_LABEL,bool,FALSE,FALSE
SAI_ACL_TABLE_ATTR_FIELD_MPLS_LABEL1_TTL,bool,FALSE,FALSE
SAI_ACL_TABLE_ATTR_FIELD_MPLS_LABEL1_EXP,bool,FALSE,FALSE
SAI_ACL_TABLE_ATTR_FIELD_MPLS_LABEL1_BOS,bool,FALSE,FALSE
SAI_ACL_TABLE_ATTR_FIELD_MPLS_LABEL2_LABEL,bool,FALSE,FALSE
SAI_ACL_TABLE_ATTR_FIELD_MPLS_LABEL2_TTL,bool,FALSE,FALSE
SAI_ACL_TABLE_ATTR_FIELD_MPLS_LABEL2_EXP,bool,FALSE,FALSE
SAI_ACL_TABLE_ATTR_FIELD_MPLS_LABEL2_BOS,bool,FALSE,FALSE
SAI_ACL_TABLE_ATTR_FIELD_MPLS_LABEL3_LABEL,bool,FALSE,FALSE
SAI_ACL_TABLE_ATTR_FIELD_MPLS_LABEL3_TTL,bool,FALSE,FALSE
SAI_ACL_TABLE_ATTR_FIELD_MPLS_LABEL3_EXP,bool,FALSE,FALSE
SAI_ACL_TABLE_ATTR_FIELD_MPLS_LABEL3_BOS,bool,FALSE,FALSE
SAI_ACL_TABLE_ATTR_FIELD_MPLS_LABEL4_LABEL,bool,FALSE,FALSE
SAI_ACL_TABLE_ATTR_FIELD_MPLS_LABEL4_TTL,bool,FALSE,FALSE
SAI_ACL_TABLE_ATTR_FIELD_MPLS_LABEL4_EXP,bool,FALSE,FALSE
SAI_ACL_TABLE_ATTR_FIELD_MPLS_LABEL4_BOS,bool,FALSE,FALSE
SAI_ACL_TABLE_ATTR_FIELD_FDB_DST_USER_META,bool,FALSE,FALSE
SAI_ACL_TABLE_ATTR_FIELD_ROUTE_DST_USER_META,bool,FALSE,FALSE
SAI_ACL_TABLE_ATTR_FIELD_NEIGHBOR_DST_USER_META,bool,FALSE,FALSE
SAI_ACL_TABLE_ATTR_FIELD_PORT_USER_META,bool,FALSE,FALSE
SAI_ACL_TABLE_ATTR_FIELD_VLAN_USER_META,bool,FALSE,FALSE
SAI_ACL_TABLE_ATTR_FIELD_ACL_USER_META,bool,FALSE,FALSE
SAI_ACL_TABLE_ATTR_FIELD_FDB_NPU_META_DST_HIT,bool,FALSE,FALSE
SAI_ACL_TABLE_ATTR_FIELD_NEIGHBOR_NPU_META_DST_HIT,bool,FALSE,FALSE
SAI_ACL_TABLE_ATTR_FIELD_ROUTE_NPU_META_DST_HIT,bool,FALSE,FALSE
SAI_ACL_TABLE_ATTR_FIELD_BTH_OPCODE,bool,FALSE,FALSE
SAI_ACL_TABLE_ATTR_FIELD_AETH_SYNDROME,bool,FALSE,FALSE
SAI_ACL_TABLE_ATTR_USER_DEFINED_FIELD_GROUP_MIN,sai_object_id_t,SAI_NULL_OBJECT_ID,FALSE
SAI_ACL_TABLE_ATTR_USER_DEFINED_FIELD_GROUP_MAX,sai_object_id_t,SAI_NULL_OBJECT_ID,FALSE
SAI_ACL_TABLE_ATTR_FIELD_ACL_RANGE_TYPE,sai_s32_list_t sai_acl_range_type_t,empty,FALSE
SAI_ACL_TABLE_ATTR_FIELD_IPV6_NEXT_HEADER,bool,FALSE,FALSE
SAI_ACL_TABLE_ATTR_FIELD_GRE_KEY,bool,FALSE,FALSE
SAI_ACL_TABLE_ATTR_FIELD_TAM_INT_TYPE,bool,FALSE,FALSE
SAI_ACL_TABLE_ATTR_FIELD_INNER_SRC_MAC,bool,FALSE,FALSE
SAI_ACL_TABLE_ATTR_FIELD_INNER_DST_MAC,bool,FALSE,FALSE
SAI_ACL_TABLE_ATTR_FIELD_VRF_ID,bool,FALSE,FALSE
SAI_ACL_TABLE_ATTR_FIELD_IPMC_NPU_META_DST_HIT,bool,FALSE,FALSE
SAI_ACL_TABLE_ATTR_FIELD_TUNNEL_TERMINATED,bool,FALSE,FALSE
SAI_ACL_TABLE_ATTR_FIELD_SRC_PREFIX_META,bool,FALSE,FALSE
SAI_ACL_TABLE_ATTR_FIELD_DST_PREFIX_META,bool,FALSE,FALSE
SAI_ACL_TABLE_ATTR_FIELD_NEXT_HOP_USER_META,bool,FALSE,FALSE
SAI_ACL_TABLE_ATTR_ENTRY_LIST,sai_object_list_t,empty list,FALSE
SAI_ACL_TABLE_ATTR_AVAILABLE_ACL_ENTRY,sai_uint32_t,0,FALSE
SAI_ACL_TABLE_ATTR_AVAILABLE_ACL_COUNTER,sai_uint32_t,0,FALSE
SAI_ACL_TABLE_ATTR_ACL_TABLE_MATCH_TYPE,sai_acl_table_match_type_t,SAI_ACL_TABLE_MATCH_TYPE_TERNARY,FALSE
SAI_ACL_TABLE_ATTR_SRC_PREFIX_COMPRESSION_TABLE,sai_object_id_t,SAI_NULL_OBJECT_ID,FALSE
SAI_ACL_TABLE_ATTR_DST_PREFIX_COMPRESSION_TABLE,sai_object_id_t,SAI_NULL_OBJECT_ID,FALSE
SAI_ACL_TABLE_ATTR_FIELD_VALID_BITS_SRC_IPV6,sai_acl_field_data_mask_t sai_ip6_t,ffff:ffff:ffff:ffff:ffff:ffff:ffff:ffff,FALSE
SAI_ACL_TABLE_ATTR_FIELD_VALID_BITS_DST_IPV6,sai_acl_field_data_mask_t sai_ip6_t,ffff:ffff:ffff:ffff:ffff:ffff:ffff:ffff,FALSE
SAI_ACL_ENTRY_ATTR_TABLE_ID,sai_object_id_t,SAI_NULL_OBJECT_ID,TRUE
SAI_ACL_ENTRY_ATTR_PRIORITY,sai_uint32_t,0,FALSE
SAI_ACL_ENTRY_ATTR_ADMIN_STATE,bool,TRUE,FALSE
SAI_ACL_ENTRY_ATTR_FIELD_SRC_IPV6,sai_acl_field_data_t sai_ip6_t,disabled,FALSE
SAI_ACL_ENTRY_ATTR_FIELD_SRC_IPV6_WORD3,sai_acl_field_data_t sai_ip6_t,disabled,FALSE
SAI_ACL_ENTRY_ATTR_FIELD_SRC_IPV6_WORD2,sai_acl_field_data_t sai_ip6_t,disabled,FALSE
SAI_ACL_ENTRY_ATTR_FIELD_SRC_IPV6_WORD1,sai_acl_field_data_t sai_ip6_t,disabled,FALSE
SAI_ACL_ENTRY_ATTR_FIELD_SRC_IPV6_WORD0,sai_acl_field_data_t sai_ip6_t,disabled,FALSE
SAI_ACL_ENTRY_ATTR_FIELD_DST_IPV6,sai_acl_field_data_t sai_ip6_t,disabled,FALSE
SAI_ACL_ENTRY_ATTR_FIELD_DST_IPV6_WORD3,sai_acl_field_data_t sai_ip6_t,disabled,FALSE
SAI_ACL_ENTRY_ATTR_FIELD_DST_IPV6_WORD2,sai_acl_field_data_t sai_ip6_t,disabled,FALSE
SAI_ACL_ENTRY_ATTR_FIELD_DST_IPV6_WORD1,sai_acl_field_data_t sai_ip6_t,disabled,FALSE
SAI_ACL_ENTRY_ATTR_FIELD_DST_IPV6_WORD0,sai_acl_field_data_t sai_ip6_t,disabled,FALSE
SAI_ACL_ENTRY_ATTR_FIELD_INNER_SRC_IPV6,sai_acl_field_data_t sai_ip6_t,disabled,FALSE
SAI_ACL_ENTRY_ATTR_FIELD_INNER_DST_IPV6,sai_acl_field_data_t sai_ip6_t,disabled,FALSE
SAI_ACL_ENTRY_ATTR_FIELD_SRC_MAC,sai_acl_field_data_t sai_mac_t,disabled,FALSE
SAI_ACL_ENTRY_ATTR_FIELD_DST_MAC,sai_acl_field_data_t sai_mac_t,disabled,FALSE
SAI_ACL_ENTRY_ATTR_FIELD_SRC_IP,sai_acl_field_data_t sai_ip4_t,disabled,FALSE
SAI_ACL_ENTRY_ATTR_FIELD_DST_IP,sai_acl_field_data_t sai_ip4_t,disabled,FALSE
SAI_ACL_ENTRY_ATTR_FIELD_INNER_SRC_IP,sai_acl_field_data_t sai_ip4_t,disabled,FALSE
SAI_ACL_ENTRY_ATTR_FIELD_INNER_DST_IP,sai_acl_field_data_t sai_ip4_t,disabled,FALSE
SAI_ACL_ENTRY_ATTR_FIELD_IN_PORTS,sai_acl_field_data_t sai_object_list_t,disabled,FALSE
SAI_ACL_ENTRY_ATTR_FIELD_OUT_PORTS,sai_acl_field_data_t sai_object_list_t,disabled,FALSE
SAI_ACL_ENTRY_ATTR_FIELD_IN_PORT,sai_acl_field_data_t sai_object_id_t,disabled,FALSE
SAI_ACL_ENTRY_ATTR_FIELD_OUT_PORT,sai_acl_field_data_t sai_object_id_t,disabled,FALSE
SAI_ACL_ENTRY_ATTR_FIELD_SRC_PORT,sai_acl_field_data_t sai_object_id_t,disabled,FALSE
SAI_ACL_ENTRY_ATTR_FIELD_OUTER_VLAN_ID,sai_acl_field_data_t sai_uint16_t,disabled,FALSE
SAI_ACL_ENTRY_ATTR_FIELD_OUTER_VLAN_PRI,sai_acl_field_data_t sai_uint8_t,disabled,FALSE
SAI_ACL_ENTRY_ATTR_FIELD_OUTER_VLAN_CFI,sai_acl_field_data_t sai_uint8_t,disabled,FALSE
SAI_ACL_ENTRY_ATTR_FIELD_INNER_VLAN_ID,sai_acl_field_data_t sai_uint16_t,disabled,FALSE
SAI_ACL_ENTRY_ATTR_FIELD_INNER_VLAN_PRI,sai_acl_field_data_t sai_uint8_t,disabled,FALSE
SAI_ACL_ENTRY_ATTR_FIELD_INNER_VLAN_CFI,sai_acl_field_data_t sai_uint8_t,disabled,FALSE
SAI_ACL_ENTRY_ATTR_FIELD_L4_SRC_PORT,sai_acl_field_data_t sai_uint16_t,disabled,FALSE
SAI_ACL_ENTRY_ATTR_FIELD_L4_DST_PORT,sai_acl_field_data_t sai_uint16_t,disabled,FALSE
SAI_ACL_ENTRY_ATTR_FIELD_INNER_L4_SRC_PORT,sai_acl_field_data_t sai_uint16_t,disabled,FALSE
SAI_ACL_ENTRY_ATTR_FIELD_INNER_L4_DST_PORT,sai_acl_field_data_t sai_uint16_t,disabled,FALSE
SAI_ACL_ENTRY_ATTR_FIELD_ETHER_TYPE,sai_acl_field_data_t sai_uint16_t,disabled,FALSE
SAI_ACL_ENTRY_ATTR_FIELD_INNER_ETHER_TYPE,sai_acl_field_data_t sai_uint16_t,disabled,FALSE
SAI_ACL_ENTRY_ATTR_FIELD_IP_PROTOCOL,sai_acl_field_data_t sai_uint8_t,disabled,FALSE
SAI_ACL_ENTRY_ATTR_FIELD_INNER_IP_PROTOCOL,sai_acl_field_data_t sai_uint8_t,disabled,FALSE
SAI_ACL_ENTRY_ATTR_FIELD_IP_IDENTIFICATION,sai_acl_field_data_t sai_uint16_t,disabled,FALSE
SAI_ACL_ENTRY_ATTR_FIELD_DSCP,sai_acl_field_data_t sai_uint8_t,disabled,FALSE
SAI_ACL_ENTRY_ATTR_FIELD_ECN,sai_acl_field_data_t sai_uint8_t,disabled,FALSE
SAI_ACL_ENTRY_ATTR_FIELD_TTL,sai_acl_field_data_t sai_uint8_t,disabled,FALSE
SAI_ACL_ENTRY_ATTR_FIELD_TOS,sai_acl_field_data_t sai_uint8_t,disabled,FALSE
SAI_ACL_ENTRY_ATTR_FIELD_IP_FLAGS,sai_acl_field_data_t sai_uint8_t,disabled,FALSE
SAI_ACL_ENTRY_ATTR_FIELD_TCP_FLAGS,sai_acl_field_data_t sai_uint8_t,disabled,FALSE
SAI_ACL_ENTRY_ATTR_FIELD_ACL_IP_TYPE,sai_acl_field_data_t sai_acl_ip_type_t,disabled,FALSE
SAI_ACL_ENTRY_ATTR_FIELD_ACL_IP_FRAG,sai_acl_field_data_t sai_acl_ip_frag_t,disabled,FALSE
SAI_ACL_ENTRY_ATTR_FIELD_IPV6_FLOW_LABEL,sai_acl_field_data_t sai_uint32_t,disabled,FALSE
SAI_ACL_ENTRY_ATTR_FIELD_TC,sai_acl_field_data_t sai_uint8_t,disabled,FALSE
SAI_ACL_ENTRY_ATTR_FIELD_ICMP_TYPE,sai_acl_field_data_t sai_uint8_t,disabled,FALSE
SAI_ACL_ENTRY_ATTR_FIELD_ICMP_CODE,sai_acl_field_data_t sai_uint8_t,disabled,FALSE
SAI_ACL_ENTRY_ATTR_FIELD_ICMPV6_TYPE,sai_acl_field_data_t sai_uint8_t,disabled,FALSE
SAI_ACL_ENTRY_ATTR_FIELD_ICMPV6_CODE,sai_acl_field_data_t sai_uint8_t,disabled,FALSE
SAI_ACL_ENTRY_ATTR_FIELD_PACKET_VLAN,sai_acl_field_data_t sai_packet_vlan_t,disabled,FALSE
SAI_ACL_ENTRY_ATTR_FIELD_TUNNEL_VNI,sai_acl_field_data_t sai_uint32_t,disabled,FALSE
SAI_ACL_ENTRY_ATTR_FIELD_HAS_VLAN_TAG,sai_acl_field_data_t bool,disabled,FALSE
SAI_ACL_ENTRY_ATTR_FIELD_MACSEC_SCI,sai_acl_field_data_t sai_uint64_t,disabled,FALSE
SAI_ACL_ENTRY_ATTR_FIELD_MPLS_LABEL0_LABEL,sai_acl_field_data_t sai_uint32_t,disabled,FALSE
SAI_ACL_ENTRY_ATTR_FIELD_MPLS_LABEL0_TTL,sai_acl_field_data_t sai_uint8_t,disabled,FALSE
SAI_ACL_ENTRY_ATTR_FIELD_MPLS_LABEL0_EXP,sai_acl_field_data_t sai_uint8_t,disabled,FALSE
SAI_ACL_ENTRY_ATTR_FIELD_MPLS_LABEL0_BOS,sai_acl_field_data_t bool,disabled,FALSE
SAI_ACL_ENTRY_ATTR_FIELD_MPLS_LABEL1_LABEL,sai_acl_field_data_t sai_uint32_t,disabled,FALSE
SAI_ACL_ENTRY_ATTR_FIELD_MPLS_LABEL1_TTL,sai_acl_field_data_t sai_uint8_t,disabled,FALSE
SAI_ACL_ENTRY_ATTR_FIELD_MPLS_LABEL1_EXP,sai_acl_field_data_t sai_uint8_t,disabled,FALSE
SAI_ACL_ENTRY_ATTR_FIELD_MPLS_LABEL1_BOS,sai_acl_field_data_t bool,disabled,FALSE
SAI_ACL_ENTRY_ATTR_FIELD_MPLS_LABEL2_LABEL,sai_acl_field_data_t sai_uint32_t,disabled,FALSE
SAI_ACL_ENTRY_ATTR_FIELD_MPLS_LABEL2_TTL,sai_acl_field_data_t sai_uint8_t,disabled,FALSE
SAI_ACL_ENTRY_ATTR_FIELD_MPLS_LABEL2_EXP,sai_acl_field_data_t sai_uint8_t,disabled,FALSE
SAI_ACL_ENTRY_ATTR_FIELD_MPLS_LABEL2_BOS,sai_acl_field_data_t bool,disabled,FALSE
SAI_ACL_ENTRY_ATTR_FIELD_MPLS_LABEL3_LABEL,sai_acl_field_data_t sai_uint32_t,disabled,FALSE
SAI_ACL_ENTRY_ATTR_FIELD_MPLS_LABEL3_TTL,sai_acl_field_data_t sai_uint8_t,disabled,FALSE
SAI_ACL_ENTRY_ATTR_FIELD_MPLS_LABEL3_EXP,sai_acl_field_data_t sai_uint8_t,disabled,FALSE
SAI_ACL_ENTRY_ATTR_FIELD_MPLS_LABEL3_BOS,sai_acl_field_data_t bool,disabled,FALSE
SAI_ACL_ENTRY_ATTR_FIELD_MPLS_LABEL4_LABEL,sai_acl_field_data_t sai_uint32_t,disabled,FALSE
SAI_ACL_ENTRY_ATTR_FIELD_MPLS_LABEL4_TTL,sai_acl_field_data_t sai_uint8_t,disabled,FALSE
SAI_ACL_ENTRY_ATTR_FIELD_MPLS_LABEL4_EXP,sai_acl_field_data_t sai_uint8_t,disabled,FALSE
SAI_ACL_ENTRY_ATTR_FIELD_MPLS_LABEL4_BOS,sai_acl_field_data_t bool,disabled,FALSE
SAI_ACL_ENTRY_ATTR_FIELD_FDB_DST_USER_META,sai_acl_field_data_t sai_uint32_t,disabled,FALSE
SAI_ACL_ENTRY_ATTR_FIELD_ROUTE_DST_USER_META,sai_acl_field_data_t sai_uint32_t,disabled,FALSE
SAI_ACL_ENTRY_ATTR_FIELD_NEIGHBOR_DST_USER_META,sai_acl_field_data_t sai_uint32_t,disabled,FALSE
SAI_ACL_ENTRY_ATTR_FIELD_PORT_USER_META,sai_acl_field_data_t sai_uint32_t,disabled,FALSE
SAI_ACL_ENTRY_ATTR_FIELD_VLAN_USER_META,sai_acl_field_data_t sai_uint32_t,disabled,FALSE
SAI_ACL_ENTRY_ATTR_FIELD_ACL_USER_META,sai_acl_field_data_t sai_uint32_t,disabled,FALSE
SAI_ACL_ENTRY_ATTR_FIELD_FDB_NPU_META_DST_HIT,sai_acl_field_data_t bool,disabled,FALSE
SAI_ACL_ENTRY_ATTR_FIELD_NEIGHBOR_NPU_META_DST_HIT,sai_acl_field_data_t bool,disabled,FALSE
SAI_ACL_ENTRY_ATTR_FIELD_ROUTE_NPU_META_DST_HIT,sai_acl_field_data_t bool,disabled,FALSE
SAI_ACL_ENTRY_ATTR_FIELD_BTH_OPCODE,sai_acl_field_data_t sai_uint8_t,disabled,FALSE
SAI_ACL_ENTRY_ATTR_FIELD_AETH_SYNDROME,sai_acl_field_data_t sai_uint8_t,disabled,FALSE
SAI_ACL_ENTRY_ATTR_USER_DEFINED_FIELD_GROUP_MIN,sai_acl_field_data_t sai_u8_list_t,disabled,FALSE
SAI_ACL_ENTRY_ATTR_USER_DEFINED_FIELD_GROUP_MAX,sai_acl_field_data_t sai_u8_list_t,disabled,FALSE
SAI_ACL_ENTRY_ATTR_FIELD_ACL_RANGE_TYPE,sai_acl_field_data_t sai_object_list_t,disabled,FALSE
SAI_ACL_ENTRY_ATTR_FIELD_IPV6_NEXT_HEADER,sai_acl_field_data_t sai_uint8_t,disabled,FALSE
SAI_ACL_ENTRY_ATTR_FIELD_GRE_KEY,sai_acl_field_data_t sai_uint32_t,disabled,FALSE
SAI_ACL_ENTRY_ATTR_FIELD_TAM_INT_TYPE,sai_acl_field_data_t sai_tam_int_type_t,disabled,FALSE
SAI_ACL_ENTRY_ATTR_FIELD_INNER_SRC_MAC,sai_acl_field_data_t sai_mac_t,disabled,FALSE
SAI_ACL_ENTRY_ATTR_FIELD_INNER_DST_MAC,sai_acl_field_data_t sai_mac_t,disabled,FALSE
SAI_ACL_ENTRY_ATTR_FIELD_VRF_ID,sai_acl_field_data_t sai_object_id_t,disabled,FALSE
SAI_ACL_ENTRY_ATTR_FIELD_IPMC_NPU_META_DST_HIT,sai_acl_field_data_t bool,disabled,FALSE
SAI_ACL_ENTRY_ATTR_FIELD_TUNNEL_TERMINATED,sai_acl_field_data_t bool,disabled,FALSE
SAI_ACL_ENTRY_ATTR_FIELD_SRC_PREFIX_META,sai_acl_field_data_t sai_uint32_t,disabled,FALSE
SAI_ACL_ENTRY_ATTR_FIELD_DST_PREFIX_META,sai_acl_field_data_t sai_uint32_t,disabled,FALSE
SAI_ACL_ENTRY_ATTR_FIELD_NEXT_HOP_USER_META,sai_acl_field_data_t sai_uint32_t,disabled,FALSE
SAI_ACL_ENTRY_ATTR_ACTION_REDIRECT,sai_acl_action_data_t sai_object_id_t,disabled,FALSE
SAI_ACL_ENTRY_ATTR_ACTION_ENDPOINT_IP,sai_acl_action_data_t sai_ip_address_t,disabled,FALSE
SAI_ACL_ENTRY_ATTR_ACTION_REDIRECT_LIST,sai_acl_action_data_t sai_object_list_t,disabled,FALSE
SAI_ACL_ENTRY_ATTR_ACTION_PACKET_ACTION,sai_acl_action_data_t sai_packet_action_t,disabled,FALSE
SAI_ACL_ENTRY_ATTR_ACTION_FLOOD,sai_acl_action_data_t sai_int32_t,disabled,FALSE
SAI_ACL_ENTRY_ATTR_ACTION_COUNTER,sai_acl_action_data_t sai_object_id_t,disabled,FALSE
SAI_ACL_ENTRY_ATTR_ACTION_MIRROR_INGRESS,sai_acl_action_data_t sai_object_list_t,disabled,FALSE
SAI_ACL_ENTRY_ATTR_ACTION_MIRROR_EGRESS,sai_acl_action_data_t sai_object_list_t,disabled,FALSE
SAI_ACL_ENTRY_ATTR_ACTION_SET_POLICER,sai_acl_action_data_t sai_object_id_t,disabled,FALSE
SAI_ACL_ENTRY_ATTR_ACTION_DECREMENT_TTL,sai_acl_action_data_t bool,disabled,FALSE
SAI_ACL_ENTRY_ATTR_ACTION_SET_TC,sai_acl_action_data_t sai_uint8_t,disabled,FALSE
SAI_ACL_ENTRY_ATTR_ACTION_SET_PACKET_COLOR,sai_acl_action_data_t sai_packet_color_t,disabled,FALSE
SAI_ACL_ENTRY_ATTR_ACTION_SET_INNER_VLAN_ID,sai_acl_action_data_t sai_uint32_t,disabled,FALSE
SAI_ACL_ENTRY_ATTR_ACTION_SET_INNER_VLAN_PRI,sai_acl_action_data_t sai_uint8_t,disabled,FALSE
SAI_ACL_ENTRY_ATTR_ACTION_SET_OUTER_VLAN_ID,sai_acl_action_data_t sai_uint16_t,disabled,FALSE
SAI_ACL_ENTRY_ATTR_ACTION_SET_OUTER_VLAN_PRI,sai_acl_action_data_t sai_uint8_t,disabled,FALSE
SAI_ACL_ENTRY_ATTR_ACTION_ADD_VLAN_ID,sai_acl_action_data_t sai_uint16_t,disabled,FALSE
SAI_ACL_ENTRY_ATTR_ACTION_ADD_VLAN_PRI,sai_acl_action_data_t sai_uint8_t,disabled,FALSE
SAI_ACL_ENTRY_ATTR_ACTION_SET_SRC_MAC,sai_acl_action_data_t sai_mac_t,disabled,FALSE
SAI_ACL_ENTRY_ATTR_ACTION_SET_DST_MAC,sai_acl_action_data_t sai_mac_t,disabled,FALSE
SAI_ACL_ENTRY_ATTR_ACTION_SET_SRC_IP,sai_acl_action_data_t sai_ip4_t,disabled,FALSE
SAI_ACL_ENTRY_ATTR_ACTION_SET_DST_IP,sai_acl_action_data_t sai_ip4_t,disabled,FALSE
SAI_ACL_ENTRY_ATTR_ACTION_SET_SRC_IPV6,sai_acl_action_data_t sai_ip6_t,disabled,FALSE
SAI_ACL_ENTRY_ATTR_ACTION_SET_DST_IPV6,sai_acl_action_data_t sai_ip6_t,disabled,FALSE
SAI_ACL_ENTRY_ATTR_ACTION_SET_DSCP,sai_acl_action_data_t sai_uint8_t,disabled,FALSE
SAI_ACL_ENTRY_ATTR_ACTION_SET_ECN,sai_acl_action_data_t sai_uint8_t,disabled,FALSE
SAI_ACL_ENTRY_ATTR_ACTION_SET_L4_SRC_PORT,sai_acl_action_data_t sai_uint16_t,disabled,FALSE
SAI_ACL_ENTRY_ATTR_ACTION_SET_L4_DST_PORT,sai_acl_action_data_t sai_uint16_t,disabled,FALSE
SAI_ACL_ENTRY_ATTR_ACTION_INGRESS_SAMPLEPACKET_ENABLE,sai_acl_action_data_t sai_object_id_t,disabled,FALSE
SAI_ACL_ENTRY_ATTR_ACTION_EGRESS_SAMPLEPACKET_ENABLE,sai_acl_action_data_t sai_object_id_t,disabled,FALSE
SAI_ACL_ENTRY_ATTR_ACTION_SET_ACL_META_DATA,sai_acl_action_data_t sai_uint32_t,disabled,FALSE
SAI_ACL_ENTRY_ATTR_ACTION_EGRESS_BLOCK_PORT_LIST,sai_acl_action_data_t sai_object_list_t,disabled,FALSE
SAI_ACL_ENTRY_ATTR_ACTION_SET_USER_TRAP_ID,sai_acl_action_data_t sai_object_id_t,disabled,FALSE
SAI_ACL_ENTRY_ATTR_ACTION_SET_DO_NOT_LEARN,sai_acl_action_data_t sai_uint32_t,disabled,FALSE
SAI_ACL_ENTRY_ATTR_ACTION_ACL_DTEL_FLOW_OP,sai_acl_action_data_t sai_acl_dtel_flow_op_t,disabled,FALSE
SAI_ACL_ENTRY_ATTR_ACTION_DTEL_INT_SESSION,sai_acl_action_data_t sai_object_id_t,disabled,FALSE
SAI_ACL_ENTRY_ATTR_ACTION_DTEL_DROP_REPORT_ENABLE,sai_acl_action_data_t bool,disabled,FALSE
SAI_ACL_ENTRY_ATTR_ACTION_DTEL_TAIL_DROP_REPORT_ENABLE,sai_acl_action_data_t bool,disabled,FALSE
SAI_ACL_ENTRY_ATTR_ACTION_DTEL_FLOW_SAMPLE_PERCENT,sai_acl_action_data_t sai_uint8_t,disabled,FALSE
SAI_ACL_ENTRY_ATTR_ACTION_DTEL_REPORT_ALL_PACKETS,sai_acl_action_data_t bool,disabled,FALSE
SAI_ACL_ENTRY_ATTR_ACTION_NO_NAT,sai_acl_action_data_t bool,disabled,FALSE
SAI_ACL_ENTRY_ATTR_ACTION_INT_INSERT,sai_acl_action_data_t bool,disabled,FALSE
SAI_ACL_ENTRY_ATTR_ACTION_INT_DELETE,sai_acl_action_data_t bool,disabled,FALSE
SAI_ACL_ENTRY_ATTR_ACTION_INT_REPORT_FLOW,sai_acl_action_data_t bool,disabled,FALSE
SAI_ACL_ENTRY_ATTR_ACTION_INT_REPORT_DROPS,sai_acl_action_data_t bool,disabled,FALSE
SAI_ACL_ENTRY_ATTR_ACTION_INT_REPORT_TAIL_DROPS,sai_acl_action_data_t bool,disabled,FALSE
SAI_ACL_ENTRY_ATTR_ACTION_TAM_INT_OBJECT,sai_acl_action_data_t sai_object_id_t,disabled,FALSE
SAI_ACL_ENTRY_ATTR_ACTION_SET_ISOLATION_GROUP,sai_acl_action_data_t sai_object_id_t,disabled,FALSE
SAI_ACL_ENTRY_ATTR_ACTION_MACSEC_FLOW,sai_acl_action_data_t sai_object_id_t,disabled,FALSE
SAI_ACL_ENTRY_ATTR_ACTION_SET_LAG_HASH_ID,sai_acl_action_data_t sai_object_id_t,disabled,FALSE
SAI_ACL_ENTRY_ATTR_ACTION_SET_ECMP_HASH_ID,sai_acl_action_data_t sai_object_id_t,disabled,FALSE
SAI_ACL_ENTRY_ATTR_ACTION_SET_VRF,sai_acl_action_data_t sai_object_id_t,disabled,FALSE
SAI_ACL_ENTRY_ATTR_ACTION_SET_FORWARDING_CLASS,sai_acl_action_data_t sai_uint8_t,disabled,FALSE
SAI_ACL_ENTRY_ATTR_ACTION_SET_ARS_MONITORING,sai_acl_action_data_t sai_object_id_t,disabled,FALSE
SAI_ACL_ENTRY_ATTR_ACTION_SET_ARS_OBJECT,sai_acl_action_data_t sai_object_id_t,disabled,FALSE
SAI_ACL_ENTRY_ATTR_ACTION_DISABLE_ARS_FORWARDING,sai_acl_action_data_t bool,disabled,FALSE
SAI_ACL_ENTRY_ATTR_ACTION_CHAIN_REDIRECT,sai_acl_action_data_t sai_object_id_t,disabled,FALSE
SAI_ACL_ENTRY_ATTR_ACTION_PACKET_TRIM_DISABLE,sai_acl_action_data_t bool,disabled,FALSE
SAI_ACL_ENTRY_ATTR_ACTION_SET_INNER_SRC_MAC,sai_acl_action_data_t sai_mac_t,disabled,FALSE
SAI_ACL_ENTRY_ATTR_ACTION_SET_INNER_DST_MAC,sai_acl_action_data_t sai_mac_t,disabled,FALSE
SAI_ACL_ENTRY_ATTR_ACTION_SET_ECMP_HASH_ALGORITHM,sai_acl_action_data_t sai_hash_algorithm_t,disabled,FALSE
SAI_ACL_ENTRY_ATTR_ACTION_TAM_OBJECT,sai_acl_action_data_t sai_object_id_t,disabled,FALSE
SAI_ACL_COUNTER_ATTR_TABLE_ID,sai_object_id_t,SAI_NULL_OBJECT_ID,TRUE
SAI_ACL_COUNTER_ATTR_ENABLE_PACKET_COUNT,bool,FALSE,FALSE
SAI_ACL_COUNTER_ATTR_ENABLE_BYTE_COUNT,bool,FALSE,FALSE
SAI_ACL_COUNTER_ATTR_PACKETS,sai_uint64_t,0,FALSE
SAI_ACL_COUNTER_ATTR_BYTES,sai_uint64_t,0,FALSE
SAI_ACL_COUNTER_ATTR_LABEL,char,"""""",FALSE
SAI_ACL_RANGE_ATTR_TYPE,sai_acl_range_type_t,SAI_ACL_RANGE_TYPE_L4_SRC_PORT_RANGE,TRUE
SAI_ACL_RANGE_ATTR_LIMIT,sai_u32_range_t,0-0,TRUE
SAI_ARS_ATTR_MODE,sai_ars_mode_t,SAI_ARS_MODE_FLOWLET_QUALITY,FALSE
SAI_ARS_ATTR_IDLE_TIME,sai_uint32_t,256,FALSE
SAI_ARS_ATTR_MAX_FLOWS,sai_uint32_t,512,FALSE
SAI_ARS_ATTR_MON_ENABLE,bool,FALSE,FALSE
SAI_ARS_ATTR_SAMPLEPACKET_ENABLE,sai_object_id_t,SAI_NULL_OBJECT_ID,FALSE
SAI_ARS_ATTR_MAX_ALT_MEMEBERS_PER_GROUP,sai_uint32_t,16,FALSE
SAI_ARS_ATTR_MAX_PRIMARY_MEMEBERS_PER_GROUP,sai_uint32_t,16,FALSE
SAI_ARS_ATTR_PRIMARY_PATH_QUALITY_THRESHOLD,sai_uint32_t,16,FALSE
SAI_ARS_ATTR_ALTERNATE_PATH_COST,sai_uint32_t,0,FALSE
SAI_ARS_ATTR_ALTERNATE_PATH_BIAS,sai_uint32_t,0,FALSE
SAI_ARS_PROFILE_ATTR_ALGO,sai_ars_profile_algo_t,SAI_ARS_PROFILE_ALGO_EWMA,FALSE
SAI_ARS_PROFILE_ATTR_SAMPLING_INTERVAL,sai_uint32_t,16,FALSE
SAI_ARS_PROFILE_ATTR_ARS_RANDOM_SEED,sai_uint32_t,0,FALSE
SAI_ARS_PROFILE_ATTR_ECMP_ARS_MAX_GROUPS,sai_uint32_t,0,FALSE
SAI_ARS_PROFILE_ATTR_ECMP_ARS_MAX_MEMBERS_PER_GROUP,sai_uint32_t,0,FALSE
SAI_ARS_PROFILE_ATTR_LAG_ARS_MAX_GROUPS,sai_uint32_t,0,FALSE
SAI_ARS_PROFILE_ATTR_LAG_ARS_MAX_MEMBERS_PER_GROUP,sai_uint32_t,0,FALSE
SAI_ARS_PROFILE_ATTR_PORT_LOAD_PAST,bool,TRUE,FALSE
SAI_ARS_PROFILE_ATTR_PORT_LOAD_PAST_WEIGHT,sai_uint8_t,16,FALSE
SAI_ARS_PROFILE_ATTR_PORT_LOAD_FUTURE,bool,TRUE,FALSE
SAI_ARS_PROFILE_ATTR_PORT_LOAD_FUTURE_WEIGHT,sai_uint8_t,16,FALSE
SAI_ARS_PROFILE_ATTR_PORT_LOAD_CURRENT,bool,FALSE,FALSE
SAI_ARS_PROFILE_ATTR_PORT_LOAD_EXPONENT,sai_uint8_t,2,FALSE
SAI_ARS_PROFILE_ATTR_QUANT_BANDS,sai_uint8_t,0,FALSE
SAI_ARS_PROFILE_ATTR_QUANT_BAND_0_MIN_THRESHOLD,sai_uint32_t,0,FALSE
SAI_ARS_PROFILE_ATTR_QUANT_BAND_0_MAX_THRESHOLD,sai_uint32_t,0,FALSE
SAI_ARS_PROFILE_ATTR_QUANT_BAND_1_MIN_THRESHOLD,sai_uint32_t,0,FALSE
SAI_ARS_PROFILE_ATTR_QUANT_BAND_1_MAX_THRESHOLD,sai_uint32_t,0,FALSE
SAI_ARS_PROFILE_ATTR_QUANT_BAND_2_MIN_THRESHOLD,sai_uint32_t,0,FALSE
SAI_ARS_PROFILE_ATTR_QUANT_BAND_2_MAX_THRESHOLD,sai_uint32_t,0,FALSE
SAI_ARS_PROFILE_ATTR_QUANT_BAND_3_MIN_THRESHOLD,sai_uint32_t,0,FALSE
SAI_ARS_PROFILE_ATTR_QUANT_BAND_3_MAX_THRESHOLD,sai_uint32_t,0,FALSE
SAI_ARS_PROFILE_ATTR_QUANT_BAND_4_MIN_THRESHOLD,sai_uint32_t,0,FALSE
SAI_ARS_PROFILE_ATTR_QUANT_BAND_4_MAX_THRESHOLD,sai_uint32_t,0,FALSE
SAI_ARS_PROFILE_ATTR_QUANT_BAND_5_MIN_THRESHOLD,sai_uint32_t,0,FALSE
SAI_ARS_PROFILE_ATTR_QUANT_BAND_5_MAX_THRESHOLD,sai_uint32_t,0,FALSE
SAI_ARS_PROFILE_ATTR_QUANT_BAND_6_MIN_THRESHOLD,sai_uint32_t,0,FALSE
SAI_ARS_PROFILE_ATTR_QUANT_BAND_6_MAX_THRESHOLD,sai_uint32_t,0,FALSE
SAI_ARS_PROFILE_ATTR_QUANT_BAND_7_MIN_THRESHOLD,sai_uint32_t,0,FALSE
SAI_ARS_PROFILE_ATTR_QUANT_BAND_7_MAX_THRESHOLD,sai_uint32_t,0,FALSE
SAI_ARS_PROFILE_ATTR_ENABLE_IPV4,bool,FALSE,FALSE
SAI_ARS_PROFILE_ATTR_ENABLE_IPV6,bool,FALSE,FALSE
SAI_ARS_PROFILE_ATTR_LOAD_PAST_MIN_VAL,sai_uint32_t,0,FALSE
SAI_ARS_PROFILE_ATTR_LOAD_PAST_MAX_VAL,sai_uint32_t,0,FALSE
SAI_ARS_PROFILE_ATTR_QUANT_BAND_MIN_THRESHOLD_LIST_LOAD_PAST,sai_u32_list_t,empty list,FALSE
SAI_ARS_PROFILE_ATTR_QUANT_BAND_MAX_THRESHOLD_LIST_LOAD_PAST,sai_u32_list_t,empty list,FALSE
SAI_ARS_PROFILE_ATTR_LOAD_FUTURE_MIN_VAL,sai_uint32_t,0,FALSE
SAI_ARS_PROFILE_ATTR_LOAD_FUTURE_MAX_VAL,sai_uint32_t,0,FALSE
SAI_ARS_PROFILE_ATTR_QUANT_BAND_MIN_THRESHOLD_LIST_LOAD_FUTURE,sai_u32_list_t,empty list,FALSE
SAI_ARS_PROFILE_ATTR_QUANT_BAND_MAX_THRESHOLD_LIST_LOAD_FUTURE,sai_u32_list_t,empty list,FALSE
SAI_ARS_PROFILE_ATTR_LOAD_CURRENT_MIN_VAL,sai_uint32_t,0,FALSE
SAI_ARS_PROFILE_ATTR_LOAD_CURRENT_MAX_VAL,sai_uint32_t,0,FALSE
SAI_ARS_PROFILE_ATTR_QUANT_BAND_MIN_THRESHOLD_LIST_LOAD_CURRENT,sai_u32_list_t,empty list,FALSE
SAI_ARS_PROFILE_ATTR_QUANT_BAND_MAX_THRESHOLD_LIST_LOAD_CURRENT,sai_u32_list_t,empty list,FALSE
SAI_ARS_PROFILE_ATTR_MAX_FLOWS,sai_uint32_t,0,FALSE
SAI_BFD_SESSION_ATTR_TYPE,sai_bfd_session_type_t,SAI_BFD_SESSION_TYPE_DEMAND_ACTIVE,TRUE
SAI_BFD_SESSION_ATTR_HW_LOOKUP_VALID,bool,TRUE,FALSE
SAI_BFD_SESSION_ATTR_VIRTUAL_ROUTER,sai_object_id_t,SAI_NULL_OBJECT_ID,TRUE
SAI_BFD_SESSION_ATTR_PORT,sai_object_id_t,SAI_NULL_OBJECT_ID,TRUE
SAI_BFD_SESSION_ATTR_LOCAL_DISCRIMINATOR,sai_uint32_t,0,TRUE
SAI_BFD_SESSION_ATTR_REMOTE_DISCRIMINATOR,sai_uint32_t,0,TRUE
SAI_BFD_SESSION_ATTR_UDP_SRC_PORT,sai_uint32_t,0,TRUE
SAI_BFD_SESSION_ATTR_TC,sai_uint8_t,0,FALSE
SAI_BFD_SESSION_ATTR_VLAN_TPID,sai_uint16_t,0x8100,FALSE
SAI_BFD_SESSION_ATTR_VLAN_ID,sai_uint16_t,0,TRUE
SAI_BFD_SESSION_ATTR_VLAN_PRI,sai_uint8_t,0,FALSE
SAI_BFD_SESSION_ATTR_VLAN_CFI,sai_uint8_t,0,FALSE
SAI_BFD_SESSION_ATTR_VLAN_HEADER_VALID,bool,FALSE,FALSE
SAI_BFD_SESSION_ATTR_BFD_ENCAPSULATION_TYPE,sai_bfd_encapsulation_type_t,SAI_BFD_ENCAPSULATION_TYPE_IP_IN_IP,TRUE
SAI_BFD_SESSION_ATTR_IPHDR_VERSION,sai_uint8_t,0,TRUE
SAI_BFD_SESSION_ATTR_TOS,sai_uint8_t,0,FALSE
SAI_BFD_SESSION_ATTR_TTL,sai_uint8_t,255,FALSE
SAI_BFD_SESSION_ATTR_SRC_IP_ADDRESS,sai_ip_address_t,0,TRUE
SAI_BFD_SESSION_ATTR_DST_IP_ADDRESS,sai_ip_address_t,0,TRUE
SAI_BFD_SESSION_ATTR_TUNNEL_TOS,sai_uint8_t,0,FALSE
SAI_BFD_SESSION_ATTR_TUNNEL_TTL,sai_uint8_t,255,FALSE
SAI_BFD_SESSION_ATTR_TUNNEL_SRC_IP_ADDRESS,sai_ip_address_t,0,TRUE
SAI_BFD_SESSION_ATTR_TUNNEL_DST_IP_ADDRESS,sai_ip_address_t,0,TRUE
SAI_BFD_SESSION_ATTR_SRC_MAC_ADDRESS,sai_mac_t,zeroed array,TRUE
SAI_BFD_SESSION_ATTR_DST_MAC_ADDRESS,sai_mac_t,zeroed array,TRUE
SAI_BFD_SESSION_ATTR_ECHO_ENABLE,bool,FALSE,FALSE
SAI_BFD_SESSION_ATTR_MULTIHOP,bool,FALSE,FALSE
SAI_BFD_SESSION_ATTR_CBIT,bool,FALSE,FALSE
SAI_BFD_SESSION_ATTR_MIN_TX,sai_uint32_t,0,TRUE
SAI_BFD_SESSION_ATTR_MIN_RX,sai_uint32_t,0,TRUE
SAI_BFD_SESSION_ATTR_MULTIPLIER,sai_uint8_t,0,TRUE
SAI_BFD_SESSION_ATTR_REMOTE_MIN_TX,sai_uint32_t,0,FALSE
SAI_BFD_SESSION_ATTR_REMOTE_MIN_RX,sai_uint32_t,0,FALSE
SAI_BFD_SESSION_ATTR_STATE,sai_bfd_session_state_t,SAI_BFD_SESSION_STATE_ADMIN_DOWN,FALSE
SAI_BFD_SESSION_ATTR_OFFLOAD_TYPE,sai_bfd_session_offload_type_t,SAI_BFD_SESSION_OFFLOAD_TYPE_NONE,FALSE
SAI_BFD_SESSION_ATTR_NEGOTIATED_TX,sai_uint32_t,0,FALSE
SAI_BFD_SESSION_ATTR_NEGOTIATED_RX,sai_uint32_t,0,FALSE
SAI_BFD_SESSION_ATTR_LOCAL_DIAG,sai_uint8_t,0,FALSE
SAI_BFD_SESSION_ATTR_REMOTE_DIAG,sai_uint8_t,0,FALSE
SAI_BFD_SESSION_ATTR_REMOTE_MULTIPLIER,sai_uint8_t,0,FALSE
SAI_BFD_SESSION_ATTR_SRV6_SIDLIST_ID,sai_object_id_t,SAI_NULL_OBJECT_ID,TRUE
SAI_BFD_SESSION_ATTR_STATS_COUNT_MODE,sai_stats_count_mode_t,SAI_STATS_COUNT_MODE_PACKET_AND_BYTE,FALSE
SAI_BFD_SESSION_ATTR_SELECTIVE_COUNTER_LIST,sai_object_list_t,empty,FALSE
SAI_BFD_SESSION_ATTR_USE_NEXT_HOP,bool,FALSE,FALSE
SAI_BFD_SESSION_ATTR_NEXT_HOP_ID,sai_object_id_t,SAI_NULL_OBJECT_ID,TRUE
SAI_BRIDGE_PORT_ATTR_TYPE,sai_bridge_port_type_t,SAI_BRIDGE_PORT_TYPE_PORT,TRUE
SAI_BRIDGE_PORT_ATTR_PORT_ID,sai_object_id_t,SAI_NULL_OBJECT_ID,TRUE
SAI_BRIDGE_PORT_ATTR_TAGGING_MODE,sai_bridge_port_tagging_mode_t,SAI_BRIDGE_PORT_TAGGING_MODE_TAGGED,FALSE
SAI_BRIDGE_PORT_ATTR_VLAN_ID,sai_uint16_t,0,TRUE
SAI_BRIDGE_PORT_ATTR_RIF_ID,sai_object_id_t,SAI_NULL_OBJECT_ID,TRUE
SAI_BRIDGE_PORT_ATTR_TUNNEL_ID,sai_object_id_t,SAI_NULL_OBJECT_ID,TRUE
SAI_BRIDGE_PORT_ATTR_BRIDGE_ID,sai_object_id_t,SAI_NULL_OBJECT_ID,TRUE
SAI_BRIDGE_PORT_ATTR_FDB_LEARNING_MODE,sai_bridge_port_fdb_learning_mode_t,SAI_BRIDGE_PORT_FDB_LEARNING_MODE_HW,FALSE
SAI_BRIDGE_PORT_ATTR_MAX_LEARNED_ADDRESSES,sai_uint32_t,0,FALSE
SAI_BRIDGE_PORT_ATTR_FDB_LEARNING_LIMIT_VIOLATION_PACKET_ACTION,sai_packet_action_t,SAI_PACKET_ACTION_DROP,FALSE
SAI_BRIDGE_PORT_ATTR_ADMIN_STATE,bool,FALSE,FALSE
SAI_BRIDGE_PORT_ATTR_INGRESS_FILTERING,bool,FALSE,FALSE
SAI_BRIDGE_PORT_ATTR_EGRESS_FILTERING,bool,FALSE,FALSE
SAI_BRIDGE_PORT_ATTR_ISOLATION_GROUP,sai_object_id_t,SAI_NULL_OBJECT_ID,FALSE
SAI_BRIDGE_PORT_ATTR_STATS_COUNT_MODE,sai_stats_count_mode_t,SAI_STATS_COUNT_MODE_PACKET_AND_BYTE,FALSE
SAI_BRIDGE_PORT_ATTR_SELECTIVE_COUNTER_LIST,sai_object_list_t,empty,FALSE
SAI_BRIDGE_PORT_ATTR_BRIDGE_PORT_NEXT_HOP_GROUP_ID,sai_object_id_t,SAI_NULL_OBJECT_ID,TRUE
SAI_BRIDGE_PORT_ATTR_TUNNEL_TERM_BUM_TX_DROP,bool,FALSE,FALSE
SAI_BRIDGE_PORT_ATTR_RX_DROP,bool,FALSE,FALSE
SAI_BRIDGE_PORT_ATTR_TX_DROP,bool,FALSE,FALSE
SAI_BRIDGE_PORT_ATTR_BRIDGE_PORT_PROTECTION_NEXT_HOP_GROUP_ID,sai_object_id_t,SAI_NULL_OBJECT_ID,FALSE
SAI_BRIDGE_PORT_ATTR_BRIDGE_PORT_SET_SWITCHOVER,bool,FALSE,FALSE
SAI_BRIDGE_ATTR_TYPE,sai_bridge_type_t,SAI_BRIDGE_TYPE_1Q,TRUE
SAI_BRIDGE_ATTR_PORT_LIST,sai_object_list_t,empty list,FALSE
SAI_BRIDGE_ATTR_MAX_LEARNED_ADDRESSES,sai_uint32_t,0,FALSE
SAI_BRIDGE_ATTR_LEARN_DISABLE,bool,FALSE,FALSE
SAI_BRIDGE_ATTR_UNKNOWN_UNICAST_FLOOD_CONTROL_TYPE,sai_bridge_flood_control_type_t,SAI_BRIDGE_FLOOD_CONTROL_TYPE_SUB_PORTS,FALSE
SAI_BRIDGE_ATTR_UNKNOWN_UNICAST_FLOOD_GROUP,sai_object_id_t,SAI_NULL_OBJECT_ID,FALSE
SAI_BRIDGE_ATTR_UNKNOWN_MULTICAST_FLOOD_CONTROL_TYPE,sai_bridge_flood_control_type_t,SAI_BRIDGE_FLOOD_CONTROL_TYPE_SUB_PORTS,FALSE
SAI_BRIDGE_ATTR_UNKNOWN_MULTICAST_FLOOD_GROUP,sai_object_id_t,SAI_NULL_OBJECT_ID,FALSE
SAI_BRIDGE_ATTR_BROADCAST_FLOOD_CONTROL_TYPE,sai_bridge_flood_control_type_t,SAI_BRIDGE_FLOOD_CONTROL_TYPE_SUB_PORTS,FALSE
SAI_BRIDGE_ATTR_BROADCAST_FLOOD_GROUP,sai_object_id_t,SAI_NULL_OBJECT_ID,FALSE
SAI_BRIDGE_ATTR_STATS_COUNT_MODE,sai_stats_count_mode_t,SAI_STATS_COUNT_MODE_PACKET_AND_BYTE,FALSE
SAI_BRIDGE_ATTR_SELECTIVE_COUNTER_LIST,sai_object_list_t,empty,FALSE
SAI_INGRESS_PRIORITY_GROUP_ATTR_BUFFER_PROFILE,sai_object_id_t,SAI_NULL_OBJECT_ID,FALSE
SAI_INGRESS_PRIORITY_GROUP_ATTR_PORT,sai_object_id_t,SAI_NULL_OBJECT_ID,TRUE
SAI_INGRESS_PRIORITY_GROUP_ATTR_TAM,sai_object_list_t,empty,FALSE
SAI_INGRESS_PRIORITY_GROUP_ATTR_INDEX,sai_uint8_t,0,TRUE
SAI_INGRESS_PRIORITY_GROUP_ATTR_STATS_COUNT_MODE,sai_stats_count_mode_t,SAI_STATS_COUNT_MODE_PACKET_AND_BYTE,FALSE
SAI_INGRESS_PRIORITY_GROUP_ATTR_SELECTIVE_COUNTER_LIST,sai_object_list_t,empty,FALSE
SAI_BUFFER_POOL_ATTR_SHARED_SIZE,sai_uint64_t,0,FALSE
SAI_BUFFER_POOL_ATTR_TYPE,sai_buffer_pool_type_t,SAI_BUFFER_POOL_TYPE_INGRESS,TRUE
SAI_BUFFER_POOL_ATTR_SIZE,sai_uint64_t,0,TRUE
SAI_BUFFER_POOL_ATTR_THRESHOLD_MODE,sai_buffer_pool_threshold_mode_t,SAI_BUFFER_POOL_THRESHOLD_MODE_DYNAMIC,FALSE
SAI_BUFFER_POOL_ATTR_TAM,sai_object_list_t,empty,FALSE
SAI_BUFFER_POOL_ATTR_XOFF_SIZE,sai_uint64_t,0,FALSE
SAI_BUFFER_POOL_ATTR_WRED_PROFILE_ID,sai_object_id_t,SAI_NULL_OBJECT_ID,FALSE
SAI_BUFFER_POOL_ATTR_STATS_COUNT_MODE,sai_stats_count_mode_t,SAI_STATS_COUNT_MODE_PACKET_AND_BYTE,FALSE
SAI_BUFFER_POOL_ATTR_SELECTIVE_COUNTER_LIST,sai_object_list_t,empty,FALSE
SAI_BUFFER_PROFILE_ATTR_POOL_ID,sai_object_id_t,SAI_NULL_OBJECT_ID,TRUE
SAI_BUFFER_PROFILE_ATTR_RESERVED_BUFFER_SIZE,sai_uint64_t,0,TRUE
SAI_BUFFER_PROFILE_ATTR_BUFFER_SIZE,sai_uint64_t,0,FALSE
SAI_BUFFER_PROFILE_ATTR_THRESHOLD_MODE,sai_buffer_profile_threshold_mode_t,SAI_BUFFER_PROFILE_THRESHOLD_MODE_STATIC,TRUE
SAI_BUFFER_PROFILE_ATTR_SHARED_DYNAMIC_TH,sai_int8_t,0,TRUE
SAI_BUFFER_PROFILE_ATTR_SHARED_STATIC_TH,sai_uint64_t,0,TRUE
SAI_BUFFER_PROFILE_ATTR_XOFF_TH,sai_uint64_t,0,FALSE
SAI_BUFFER_PROFILE_ATTR_XON_TH,sai_uint64_t,0,FALSE
SAI_BUFFER_PROFILE_ATTR_XON_OFFSET_TH,sai_uint64_t,0,FALSE
SAI_BUFFER_PROFILE_ATTR_PACKET_ADMISSION_FAIL_ACTION,sai_buffer_profile_packet_admission_fail_action_t,SAI_BUFFER_PROFILE_PACKET_ADMISSION_FAIL_ACTION_DROP,FALSE
SAI_COUNTER_ATTR_TYPE,sai_counter_type_t,SAI_COUNTER_TYPE_REGULAR,FALSE
SAI_COUNTER_ATTR_LABEL,char,"""""",FALSE
SAI_COUNTER_ATTR_ENABLE_PACKET_COUNT,bool,TRUE,FALSE
SAI_COUNTER_ATTR_ENABLE_BYTE_COUNT,bool,TRUE,FALSE
SAI_COUNTER_ATTR_OBJECT_TYPE,sai_object_type_t,SAI_OBJECT_TYPE_PORT,TRUE
SAI_COUNTER_ATTR_STAT_ID_LIST,sai_s32_list_t,empty,FALSE
SAI_DEBUG_COUNTER_ATTR_INDEX,sai_uint32_t,0,FALSE
SAI_DEBUG_COUNTER_ATTR_TYPE,sai_debug_counter_type_t,SAI_DEBUG_COUNTER_TYPE_PORT_IN_DROP_REASONS,TRUE
SAI_DEBUG_COUNTER_ATTR_BIND_METHOD,sai_debug_counter_bind_method_t,SAI_DEBUG_COUNTER_BIND_METHOD_AUTOMATIC,FALSE
SAI_DEBUG_COUNTER_ATTR_IN_DROP_REASON_LIST,sai_s32_list_t sai_in_drop_reason_t,empty,FALSE
SAI_DEBUG_COUNTER_ATTR_OUT_DROP_REASON_LIST,sai_s32_list_t sai_out_drop_reason_t,empty,FALSE
SAI_DTEL_ATTR_INT_ENDPOINT_ENABLE,bool,FALSE,FALSE
SAI_DTEL_ATTR_INT_TRANSIT_ENABLE,bool,FALSE,FALSE
SAI_DTEL_ATTR_POSTCARD_ENABLE,bool,FALSE,FALSE
SAI_DTEL_ATTR_DROP_REPORT_ENABLE,bool,FALSE,FALSE
SAI_DTEL_ATTR_QUEUE_REPORT_ENABLE,bool,FALSE,FALSE
SAI_DTEL_ATTR_SWITCH_ID,sai_uint32_t,0,FALSE
SAI_DTEL_ATTR_FLOW_STATE_CLEAR_CYCLE,sai_uint16_t,0,FALSE
SAI_DTEL_ATTR_LATENCY_SENSITIVITY,sai_uint8_t,0,FALSE
SAI_DTEL_ATTR_SINK_PORT_LIST,sai_object_list_t,empty,FALSE
SAI_DTEL_ATTR_INT_L4_DSCP,sai_acl_field_data_t sai_uint8_t,disabled,FALSE
SAI_DTEL_QUEUE_REPORT_ATTR_QUEUE_ID,sai_object_id_t,SAI_NULL_OBJECT_ID,TRUE
SAI_DTEL_QUEUE_REPORT_ATTR_DEPTH_THRESHOLD,sai_uint32_t,0,FALSE
SAI_DTEL_QUEUE_REPORT_ATTR_LATENCY_THRESHOLD,sai_uint32_t,0,FALSE
SAI_DTEL_QUEUE_REPORT_ATTR_BREACH_QUOTA,sai_uint32_t,0,FALSE
SAI_DTEL_QUEUE_REPORT_ATTR_TAIL_DROP,bool,FALSE,FALSE
SAI_DTEL_INT_SESSION_ATTR_MAX_HOP_COUNT,sai_uint8_t,8,FALSE
SAI_DTEL_INT_SESSION_ATTR_COLLECT_SWITCH_ID,bool,FALSE,FALSE
SAI_DTEL_INT_SESSION_ATTR_COLLECT_SWITCH_PORTS,bool,FALSE,FALSE
SAI_DTEL_INT_SESSION_ATTR_COLLECT_INGRESS_TIMESTAMP,bool,FALSE,FALSE
SAI_DTEL_INT_SESSION_ATTR_COLLECT_EGRESS_TIMESTAMP,bool,FALSE,FALSE
SAI_DTEL_INT_SESSION_ATTR_COLLECT_QUEUE_INFO,bool,FALSE,FALSE
SAI_DTEL_REPORT_SESSION_ATTR_SRC_IP,sai_ip_address_t,0.0.0.0,FALSE
SAI_DTEL_REPORT_SESSION_ATTR_DST_IP_LIST,sai_ip_address_list_t,empty,FALSE
SAI_DTEL_REPORT_SESSION_ATTR_VIRTUAL_ROUTER_ID,sai_object_id_t,SAI_NULL_OBJECT_ID,FALSE
SAI_DTEL_REPORT_SESSION_ATTR_TRUNCATE_SIZE,sai_uint16_t,0,FALSE
SAI_DTEL_REPORT_SESSION_ATTR_UDP_DST_PORT,sai_uint16_t,0,FALSE
SAI_DTEL_EVENT_ATTR_TYPE,sai_dtel_event_type_t,SAI_DTEL_EVENT_TYPE_FLOW_STATE,TRUE
SAI_DTEL_EVENT_ATTR_REPORT_SESSION,sai_object_id_t,SAI_NULL_OBJECT_ID,FALSE
SAI_DTEL_EVENT_ATTR_DSCP_VALUE,sai_uint8_t,0,FALSE
SAI_FDB_ENTRY_ATTR_TYPE,sai_fdb_entry_type_t,SAI_FDB_ENTRY_TYPE_DYNAMIC,TRUE
SAI_FDB_ENTRY_ATTR_PACKET_ACTION,sai_packet_action_t,SAI_PACKET_ACTION_FORWARD,FALSE
SAI_FDB_ENTRY_ATTR_USER_TRAP_ID,sai_object_id_t,SAI_NULL_OBJECT_ID,FALSE
SAI_FDB_ENTRY_ATTR_BRIDGE_PORT_ID,sai_object_id_t,SAI_NULL_OBJECT_ID,FALSE
SAI_FDB_ENTRY_ATTR_META_DATA,sai_uint32_t,0,FALSE
SAI_FDB_ENTRY_ATTR_ENDPOINT_IP,sai_ip_address_t,0.0.0.0,FALSE
SAI_FDB_ENTRY_ATTR_COUNTER_ID,sai_object_id_t,SAI_NULL_OBJECT_ID,FALSE
SAI_FDB_ENTRY_ATTR_ALLOW_MAC_MOVE,bool,FALSE,FALSE
SAI_FDB_FLUSH_ATTR_BRIDGE_PORT_ID,sai_object_id_t,SAI_NULL_OBJECT_ID,FALSE
SAI_FDB_FLUSH_ATTR_BV_ID,sai_object_id_t,SAI_NULL_OBJECT_ID,FALSE
SAI_FDB_FLUSH_ATTR_ENTRY_TYPE,sai_fdb_flush_entry_type_t,SAI_FDB_FLUSH_ENTRY_TYPE_DYNAMIC,FALSE
SAI_GENERIC_PROGRAMMABLE_ATTR_OBJECT_NAME,sai_s8_list_t,empty list,TRUE
SAI_GENERIC_PROGRAMMABLE_ATTR_ENTRY,sai_json_t,vendor,FALSE
SAI_GENERIC_PROGRAMMABLE_ATTR_COUNTER_ID,sai_object_id_t,SAI_NULL_OBJECT_ID,FALSE
SAI_FINE_GRAINED_HASH_FIELD_ATTR_NATIVE_HASH_FIELD,sai_native_hash_field_t,SAI_NATIVE_HASH_FIELD_NONE,FALSE
SAI_FINE_GRAINED_HASH_FIELD_ATTR_IPV4_MASK,sai_ip4_t,0,TRUE
SAI_FINE_GRAINED_HASH_FIELD_ATTR_IPV6_MASK,sai_ip6_t,zeroed array,TRUE
SAI_FINE_GRAINED_HASH_FIELD_ATTR_SEQUENCE_ID,sai_uint32_t,0,FALSE
SAI_HASH_ATTR_NATIVE_HASH_FIELD_LIST,sai_s32_list_t sai_native_hash_field_t,empty,FALSE
SAI_HASH_ATTR_UDF_GROUP_LIST,sai_object_list_t,empty,FALSE
SAI_HASH_ATTR_FINE_GRAINED_HASH_FIELD_LIST,sai_object_list_t,empty,FALSE
SAI_HOSTIF_TRAP_GROUP_ATTR_ADMIN_STATE,bool,TRUE,FALSE
SAI_HOSTIF_TRAP_GROUP_ATTR_QUEUE,sai_uint32_t,0,FALSE
SAI_HOSTIF_TRAP_GROUP_ATTR_POLICER,sai_object_id_t,SAI_NULL_OBJECT_ID,FALSE
SAI_HOSTIF_TRAP_GROUP_ATTR_OBJECT_STAGE,sai_object_stage_t,SAI_OBJECT_STAGE_BOTH,FALSE
SAI_HOSTIF_TRAP_ATTR_TRAP_TYPE,sai_hostif_trap_type_t,SAI_HOSTIF_TRAP_TYPE_START,TRUE
SAI_HOSTIF_TRAP_ATTR_PACKET_ACTION,sai_packet_action_t,SAI_PACKET_ACTION_DROP,TRUE
SAI_HOSTIF_TRAP_ATTR_TRAP_PRIORITY,sai_uint32_t,attrvalue SAI_SWITCH_ATTR_ACL_ENTRY_MINIMUM_PRIORITY,FALSE
SAI_HOSTIF_TRAP_ATTR_EXCLUDE_PORT_LIST,sai_object_list_t,empty,FALSE
SAI_HOSTIF_TRAP_ATTR_TRAP_GROUP,sai_object_id_t,SAI_NULL_OBJECT_ID,FALSE
SAI_HOSTIF_TRAP_ATTR_MIRROR_SESSION,sai_object_list_t,empty,FALSE
SAI_HOSTIF_TRAP_ATTR_COUNTER_ID,sai_object_id_t,SAI_NULL_OBJECT_ID,FALSE
SAI_HOSTIF_USER_DEFINED_TRAP_ATTR_TYPE,sai_hostif_user_defined_trap_type_t,SAI_HOSTIF_USER_DEFINED_TRAP_TYPE_START,TRUE
SAI_HOSTIF_USER_DEFINED_TRAP_ATTR_TRAP_PRIORITY,sai_uint32_t,attrvalue SAI_SWITCH_ATTR_ACL_ENTRY_MINIMUM_PRIORITY,FALSE
SAI_HOSTIF_USER_DEFINED_TRAP_ATTR_TRAP_GROUP,sai_object_id_t,SAI_NULL_OBJECT_ID,FALSE
SAI_HOSTIF_ATTR_TYPE,sai_hostif_type_t,SAI_HOSTIF_TYPE_NETDEV,TRUE
SAI_HOSTIF_ATTR_OBJ_ID,sai_object_id_t,SAI_NULL_OBJECT_ID,TRUE
SAI_HOSTIF_ATTR_NAME,char,"""""",TRUE
SAI_HOSTIF_ATTR_OPER_STATUS,bool,FALSE,FALSE
SAI_HOSTIF_ATTR_QUEUE,sai_uint32_t,0,FALSE
SAI_HOSTIF_ATTR_VLAN_TAG,sai_hostif_vlan_tag_t,SAI_HOSTIF_VLAN_TAG_STRIP,FALSE
SAI_HOSTIF_ATTR_GENETLINK_MCGRP_NAME,char,"""""",TRUE
SAI_HOSTIF_TABLE_ENTRY_ATTR_TYPE,sai_hostif_table_entry_type_t,SAI_HOSTIF_TABLE_ENTRY_TYPE_PORT,TRUE
SAI_HOSTIF_TABLE_ENTRY_ATTR_OBJ_ID,sai_object_id_t,SAI_NULL_OBJECT_ID,TRUE
SAI_HOSTIF_TABLE_ENTRY_ATTR_TRAP_ID,sai_object_id_t,SAI_NULL_OBJECT_ID,TRUE
SAI_HOSTIF_TABLE_ENTRY_ATTR_CHANNEL_TYPE,sai_hostif_table_entry_channel_type_t,SAI_HOSTIF_TABLE_ENTRY_CHANNEL_TYPE_CB,TRUE
SAI_HOSTIF_TABLE_ENTRY_ATTR_HOST_IF,sai_object_id_t,SAI_NULL_OBJECT_ID,TRUE
SAI_HOSTIF_PACKET_ATTR_HOSTIF_TRAP_ID,sai_object_id_t,SAI_NULL_OBJECT_ID,FALSE
SAI_HOSTIF_PACKET_ATTR_INGRESS_PORT,sai_object_id_t,SAI_NULL_OBJECT_ID,FALSE
SAI_HOSTIF_PACKET_ATTR_INGRESS_LAG,sai_object_id_t,SAI_NULL_OBJECT_ID,FALSE
SAI_HOSTIF_PACKET_ATTR_HOSTIF_TX_TYPE,sai_hostif_tx_type_t,SAI_HOSTIF_TX_TYPE_PIPELINE_BYPASS,TRUE
SAI_HOSTIF_PACKET_ATTR_EGRESS_PORT_OR_LAG,sai_object_id_t,SAI_NULL_OBJECT_ID,TRUE
SAI_HOSTIF_PACKET_ATTR_BRIDGE_ID,sai_object_id_t,SAI_NULL_OBJECT_ID,FALSE
SAI_HOSTIF_PACKET_ATTR_TIMESTAMP,sai_timespec_t,zeroed structure,FALSE
SAI_HOSTIF_PACKET_ATTR_EGRESS_QUEUE_INDEX,sai_uint8_t,0,FALSE
SAI_HOSTIF_PACKET_ATTR_ZERO_COPY_TX,bool,FALSE,FALSE
SAI_ICMP_ECHO_SESSION_ATTR_HW_LOOKUP_VALID,bool,TRUE,FALSE
SAI_ICMP_ECHO_SESSION_ATTR_VIRTUAL_ROUTER,sai_object_id_t,SAI_NULL_OBJECT_ID,TRUE
SAI_ICMP_ECHO_SESSION_ATTR_PORT,sai_object_id_t,SAI_NULL_OBJECT_ID,TRUE
SAI_ICMP_ECHO_SESSION_ATTR_RX_PORT,sai_object_id_t,SAI_NULL_OBJECT_ID,FALSE
SAI_ICMP_ECHO_SESSION_ATTR_GUID,sai_uint64_t,0,TRUE
SAI_ICMP_ECHO_SESSION_ATTR_COOKIE,sai_uint32_t,0,TRUE
SAI_ICMP_ECHO_SESSION_ATTR_IPHDR_VERSION,sai_uint8_t,0,TRUE
SAI_ICMP_ECHO_SESSION_ATTR_TOS,sai_uint8_t,0,FALSE
SAI_ICMP_ECHO_SESSION_ATTR_TTL,sai_uint8_t,255,FALSE
SAI_ICMP_ECHO_SESSION_ATTR_SRC_IP_ADDRESS,sai_ip_address_t,0,TRUE
SAI_ICMP_ECHO_SESSION_ATTR_DST_IP_ADDRESS,sai_ip_address_t,0,TRUE
SAI_ICMP_ECHO_SESSION_ATTR_SRC_MAC_ADDRESS,sai_mac_t,zeroed array,TRUE
SAI_ICMP_ECHO_SESSION_ATTR_DST_MAC_ADDRESS,sai_mac_t,zeroed array,TRUE
SAI_ICMP_ECHO_SESSION_ATTR_TX_INTERVAL,sai_uint32_t,0,TRUE
SAI_ICMP_ECHO_SESSION_ATTR_RX_INTERVAL,sai_uint32_t,0,TRUE
SAI_ICMP_ECHO_SESSION_ATTR_SET_NEXT_HOP_GROUP_SWITCHOVER,bool,FALSE,FALSE
SAI_ICMP_ECHO_SESSION_ATTR_STATE,sai_icmp_echo_session_state_t,SAI_ICMP_ECHO_SESSION_STATE_DOWN,FALSE
SAI_ICMP_ECHO_SESSION_ATTR_STATS_COUNT_MODE,sai_stats_count_mode_t,SAI_STATS_COUNT_MODE_PACKET_AND_BYTE,FALSE
SAI_ICMP_ECHO_SESSION_ATTR_SELECTIVE_COUNTER_LIST,sai_object_list_t,empty,FALSE
SAI_IPMC_ENTRY_ATTR_PACKET_ACTION,sai_packet_action_t,SAI_PACKET_ACTION_DROP,TRUE
SAI_IPMC_ENTRY_ATTR_OUTPUT_GROUP_ID,sai_object_id_t,SAI_NULL_OBJECT_ID,FALSE
SAI_IPMC_ENTRY_ATTR_RPF_GROUP_ID,sai_object_id_t,SAI_NULL_OBJECT_ID,TRUE
SAI_IPMC_ENTRY_ATTR_COUNTER_ID,sai_object_id_t,SAI_NULL_OBJECT_ID,FALSE
SAI_IPMC_GROUP_ATTR_IPMC_OUTPUT_COUNT,sai_uint32_t,0,FALSE
SAI_IPMC_GROUP_ATTR_IPMC_MEMBER_LIST,sai_object_list_t,empty list,FALSE
SAI_IPMC_GROUP_ATTR_IPMC_GROUP_WITH_MEMBERS,bool,FALSE,FALSE
SAI_IPMC_GROUP_ATTR_IPMC_OUTPUT_LIST,sai_object_list_t,empty,FALSE
SAI_IPMC_GROUP_MEMBER_ATTR_IPMC_GROUP_ID,sai_object_id_t,SAI_NULL_OBJECT_ID,TRUE
SAI_IPMC_GROUP_MEMBER_ATTR_IPMC_OUTPUT_ID,sai_object_id_t,SAI_NULL_OBJECT_ID,TRUE
SAI_IPSEC_ATTR_TERM_REMOTE_IP_MATCH_SUPPORTED,bool,FALSE,FALSE
SAI_IPSEC_ATTR_SWITCHING_MODE_CUT_THROUGH_SUPPORTED,bool,FALSE,FALSE
SAI_IPSEC_ATTR_SWITCHING_MODE_STORE_AND_FORWARD_SUPPORTED,bool,FALSE,FALSE
SAI_IPSEC_ATTR_STATS_MODE_READ_SUPPORTED,bool,FALSE,FALSE
SAI_IPSEC_ATTR_STATS_MODE_READ_CLEAR_SUPPORTED,bool,FALSE,FALSE
SAI_IPSEC_ATTR_SN_32BIT_SUPPORTED,bool,FALSE,FALSE
SAI_IPSEC_ATTR_ESN_64BIT_SUPPORTED,bool,FALSE,FALSE
SAI_IPSEC_ATTR_SUPPORTED_CIPHER_LIST,sai_s32_list_t sai_ipsec_cipher_t,empty list,FALSE
SAI_IPSEC_ATTR_SYSTEM_SIDE_MTU,sai_uint16_t,0,FALSE
SAI_IPSEC_ATTR_WARM_BOOT_SUPPORTED,bool,FALSE,FALSE
SAI_IPSEC_ATTR_WARM_BOOT_ENABLE,bool,FALSE,FALSE
SAI_IPSEC_ATTR_EXTERNAL_SA_INDEX_ENABLE,bool,FALSE,TRUE
SAI_IPSEC_ATTR_CTAG_TPID,sai_uint16_t,0x8100,FALSE
SAI_IPSEC_ATTR_STAG_TPID,sai_uint16_t,0x88A8,FALSE
SAI_IPSEC_ATTR_MAX_VLAN_TAGS_PARSED,sai_uint8_t,0,FALSE
SAI_IPSEC_ATTR_OCTET_COUNT_HIGH_WATERMARK,sai_uint64_t,0,FALSE
SAI_IPSEC_ATTR_OCTET_COUNT_LOW_WATERMARK,sai_uint64_t,0,FALSE
SAI_IPSEC_ATTR_STATS_MODE,sai_stats_mode_t,SAI_STATS_MODE_READ_AND_CLEAR,FALSE
SAI_IPSEC_ATTR_AVAILABLE_IPSEC_SA,sai_uint32_t,0,FALSE
SAI_IPSEC_ATTR_SA_LIST,sai_object_list_t,empty list,FALSE
SAI_IPSEC_ATTR_POST_STATUS,sai_ipsec_post_status_t,SAI_IPSEC_POST_STATUS_UNKNOWN,FALSE
SAI_IPSEC_ATTR_ENABLE_POST,bool,FALSE,FALSE
SAI_IPSEC_PORT_ATTR_PORT_ID,sai_object_id_t,SAI_NULL_OBJECT_ID,TRUE
SAI_IPSEC_PORT_ATTR_CTAG_ENABLE,bool,FALSE,FALSE
SAI_IPSEC_PORT_ATTR_STAG_ENABLE,bool,FALSE,FALSE
SAI_IPSEC_PORT_ATTR_NATIVE_VLAN_ID,sai_uint16_t,0,TRUE
SAI_IPSEC_PORT_ATTR_VRF_FROM_PACKET_VLAN_ENABLE,bool,FALSE,FALSE
SAI_IPSEC_PORT_ATTR_SWITCH_SWITCHING_MODE,sai_switch_switching_mode_t,SAI_SWITCH_SWITCHING_MODE_CUT_THROUGH,FALSE
SAI_IPSEC_PORT_ATTR_STATS_COUNT_MODE,sai_stats_count_mode_t,SAI_STATS_COUNT_MODE_PACKET_AND_BYTE,FALSE
SAI_IPSEC_PORT_ATTR_SELECTIVE_COUNTER_LIST,sai_object_list_t,empty,FALSE
SAI_IPSEC_PORT_ATTR_POST_STATUS,sai_ipsec_port_post_status_t,SAI_IPSEC_PORT_POST_STATUS_UNKNOWN,FALSE
SAI_IPSEC_SA_ATTR_IPSEC_DIRECTION,sai_ipsec_direction_t,SAI_IPSEC_DIRECTION_EGRESS,TRUE
SAI_IPSEC_SA_ATTR_IPSEC_ID,sai_object_id_t,SAI_NULL_OBJECT_ID,TRUE
SAI_IPSEC_SA_ATTR_OCTET_COUNT_STATUS,sai_ipsec_sa_octet_count_status_t,SAI_IPSEC_SA_OCTET_COUNT_STATUS_BELOW_LOW_WATERMARK,FALSE
SAI_IPSEC_SA_ATTR_EXTERNAL_SA_INDEX,sai_uint32_t,0,FALSE
SAI_IPSEC_SA_ATTR_SA_INDEX,sai_uint32_t,0,FALSE
SAI_IPSEC_SA_ATTR_IPSEC_PORT_LIST,sai_object_list_t,empty,FALSE
SAI_IPSEC_SA_ATTR_IPSEC_SPI,sai_uint32_t,0,TRUE
SAI_IPSEC_SA_ATTR_IPSEC_ESN_ENABLE,bool,TRUE,FALSE
SAI_IPSEC_SA_ATTR_IPSEC_CIPHER,sai_ipsec_cipher_t,SAI_IPSEC_CIPHER_AES256_GCM16,FALSE
SAI_IPSEC_SA_ATTR_ENCRYPT_KEY,sai_encrypt_key_t,zeroed array,TRUE
SAI_IPSEC_SA_ATTR_SALT,sai_uint32_t,0,TRUE
SAI_IPSEC_SA_ATTR_AUTH_KEY,sai_auth_key_t,zeroed array,TRUE
SAI_IPSEC_SA_ATTR_IPSEC_REPLAY_PROTECTION_ENABLE,bool,FALSE,FALSE
SAI_IPSEC_SA_ATTR_IPSEC_REPLAY_PROTECTION_WINDOW,sai_uint32_t,0,FALSE
SAI_IPSEC_SA_ATTR_TERM_DST_IP,sai_ip_address_t,0,TRUE
SAI_IPSEC_SA_ATTR_TERM_VLAN_ID_ENABLE,bool,FALSE,FALSE
SAI_IPSEC_SA_ATTR_TERM_VLAN_ID,sai_uint16_t,0,TRUE
SAI_IPSEC_SA_ATTR_TERM_SRC_IP_ENABLE,bool,FALSE,FALSE
SAI_IPSEC_SA_ATTR_TERM_SRC_IP,sai_ip_address_t,0,TRUE
SAI_IPSEC_SA_ATTR_EGRESS_ESN,sai_uint64_t,0,FALSE
SAI_IPSEC_SA_ATTR_MINIMUM_INGRESS_ESN,sai_uint64_t,1,FALSE
SAI_IPSEC_SA_ATTR_STATS_COUNT_MODE,sai_stats_count_mode_t,SAI_STATS_COUNT_MODE_PACKET_AND_BYTE,FALSE
SAI_IPSEC_SA_ATTR_SELECTIVE_COUNTER_LIST,sai_object_list_t,empty,FALSE
SAI_ISOLATION_GROUP_ATTR_TYPE,sai_isolation_group_type_t,SAI_ISOLATION_GROUP_TYPE_PORT,TRUE
SAI_ISOLATION_GROUP_ATTR_ISOLATION_MEMBER_LIST,sai_object_list_t,empty list,FALSE
SAI_ISOLATION_GROUP_MEMBER_ATTR_ISOLATION_GROUP_ID,sai_object_id_t,SAI_NULL_OBJECT_ID,TRUE
SAI_ISOLATION_GROUP_MEMBER_ATTR_ISOLATION_OBJECT,sai_object_id_t,SAI_NULL_OBJECT_ID,TRUE
SAI_L2MC_ENTRY_ATTR_PACKET_ACTION,sai_packet_action_t,SAI_PACKET_ACTION_DROP,TRUE
SAI_L2MC_ENTRY_ATTR_OUTPUT_GROUP_ID,sai_object_id_t,SAI_NULL_OBJECT_ID,FALSE
SAI_L2MC_GROUP_ATTR_L2MC_OUTPUT_COUNT,sai_uint32_t,0,FALSE
SAI_L2MC_GROUP_ATTR_L2MC_MEMBER_LIST,sai_object_list_t,empty list,FALSE
SAI_L2MC_GROUP_MEMBER_ATTR_L2MC_GROUP_ID,sai_object_id_t,SAI_NULL_OBJECT_ID,TRUE
SAI_L2MC_GROUP_MEMBER_ATTR_L2MC_OUTPUT_ID,sai_object_id_t,SAI_NULL_OBJECT_ID,TRUE
SAI_L2MC_GROUP_MEMBER_ATTR_L2MC_ENDPOINT_IP,sai_ip_address_t,0.0.0.0,FALSE
SAI_LAG_ATTR_PORT_LIST,sai_object_list_t,empty list,FALSE
SAI_LAG_ATTR_INGRESS_ACL,sai_object_id_t,SAI_NULL_OBJECT_ID,FALSE
SAI_LAG_ATTR_EGRESS_ACL,sai_object_id_t,SAI_NULL_OBJECT_ID,FALSE
SAI_LAG_ATTR_PORT_VLAN_ID,sai_uint16_t,1,FALSE
SAI_LAG_ATTR_DEFAULT_VLAN_PRIORITY,sai_uint8_t,0,FALSE
SAI_LAG_ATTR_DROP_UNTAGGED,bool,FALSE,FALSE
SAI_LAG_ATTR_DROP_TAGGED,bool,FALSE,FALSE
SAI_LAG_ATTR_TPID,sai_uint16_t,0x8100,FALSE
SAI_LAG_ATTR_SYSTEM_PORT_AGGREGATE_ID,sai_uint32_t,0,FALSE
SAI_LAG_ATTR_LABEL,char,"""""",FALSE
SAI_LAG_ATTR_ARS_OBJECT_ID,sai_object_id_t,SAI_NULL_OBJECT_ID,FALSE
SAI_LAG_ATTR_ARS_PACKET_DROPS,sai_uint32_t,0,FALSE
SAI_LAG_ATTR_ARS_PORT_REASSIGNMENTS,sai_uint32_t,0,FALSE
SAI_LAG_ATTR_HASH_ALGORITHM,sai_hash_algorithm_t,SAI_HASH_ALGORITHM_NONE,FALSE
SAI_LAG_MEMBER_ATTR_LAG_ID,sai_object_id_t,SAI_NULL_OBJECT_ID,TRUE
SAI_LAG_MEMBER_ATTR_PORT_ID,sai_object_id_t,SAI_NULL_OBJECT_ID,TRUE
SAI_LAG_MEMBER_ATTR_EGRESS_DISABLE,bool,FALSE,FALSE
SAI_LAG_MEMBER_ATTR_INGRESS_DISABLE,bool,FALSE,FALSE
SAI_LAG_MEMBER_ATTR_WEIGHT,sai_uint32_t,1,FALSE
SAI_MACSEC_ATTR_DIRECTION,sai_macsec_direction_t,SAI_MACSEC_DIRECTION_EGRESS,TRUE
SAI_MACSEC_ATTR_SWITCHING_MODE_CUT_THROUGH_SUPPORTED,bool,FALSE,FALSE
SAI_MACSEC_ATTR_SWITCHING_MODE_STORE_AND_FORWARD_SUPPORTED,bool,FALSE,FALSE
SAI_MACSEC_ATTR_STATS_MODE_READ_SUPPORTED,bool,FALSE,FALSE
SAI_MACSEC_ATTR_STATS_MODE_READ_CLEAR_SUPPORTED,bool,FALSE,FALSE
SAI_MACSEC_ATTR_SCI_IN_INGRESS_MACSEC_ACL,bool,FALSE,FALSE
SAI_MACSEC_ATTR_SUPPORTED_CIPHER_SUITE_LIST,sai_s32_list_t sai_macsec_cipher_suite_t,empty list,FALSE
SAI_MACSEC_ATTR_PN_32BIT_SUPPORTED,bool,FALSE,FALSE
SAI_MACSEC_ATTR_XPN_64BIT_SUPPORTED,bool,FALSE,FALSE
SAI_MACSEC_ATTR_GCM_AES128_SUPPORTED,bool,FALSE,FALSE
SAI_MACSEC_ATTR_GCM_AES256_SUPPORTED,bool,FALSE,FALSE
SAI_MACSEC_ATTR_SECTAG_OFFSETS_SUPPORTED,sai_u8_list_t,empty list,FALSE
SAI_MACSEC_ATTR_SYSTEM_SIDE_MTU,sai_uint16_t,0,FALSE
SAI_MACSEC_ATTR_WARM_BOOT_SUPPORTED,bool,FALSE,FALSE
SAI_MACSEC_ATTR_WARM_BOOT_ENABLE,bool,FALSE,FALSE
SAI_MACSEC_ATTR_CTAG_TPID,sai_uint16_t,0x8100,FALSE
SAI_MACSEC_ATTR_STAG_TPID,sai_uint16_t,0x88A8,FALSE
SAI_MACSEC_ATTR_MAX_VLAN_TAGS_PARSED,sai_uint8_t,0,FALSE
SAI_MACSEC_ATTR_STATS_MODE,sai_stats_mode_t,SAI_STATS_MODE_READ_AND_CLEAR,FALSE
SAI_MACSEC_ATTR_PHYSICAL_BYPASS_ENABLE,bool,FALSE,FALSE
SAI_MACSEC_ATTR_SUPPORTED_PORT_LIST,sai_object_list_t,empty list,FALSE
SAI_MACSEC_ATTR_AVAILABLE_MACSEC_FLOW,sai_uint32_t,0,FALSE
SAI_MACSEC_ATTR_FLOW_LIST,sai_object_list_t,empty list,FALSE
SAI_MACSEC_ATTR_AVAILABLE_MACSEC_SC,sai_uint32_t,0,FALSE
SAI_MACSEC_ATTR_AVAILABLE_MACSEC_SA,sai_uint32_t,0,FALSE
SAI_MACSEC_ATTR_MAX_SECURE_ASSOCIATIONS_PER_SC,sai_macsec_max_secure_associations_per_sc_t,SAI_MACSEC_MAX_SECURE_ASSOCIATIONS_PER_SC_TWO,FALSE
SAI_MACSEC_ATTR_POST_STATUS,sai_macsec_post_status_t,SAI_MACSEC_POST_STATUS_UNKNOWN,FALSE
SAI_MACSEC_ATTR_ENABLE_POST,bool,FALSE,FALSE
SAI_MACSEC_PORT_ATTR_MACSEC_DIRECTION,sai_macsec_direction_t,SAI_MACSEC_DIRECTION_EGRESS,TRUE
SAI_MACSEC_PORT_ATTR_PORT_ID,sai_object_id_t,SAI_NULL_OBJECT_ID,TRUE
SAI_MACSEC_PORT_ATTR_CTAG_ENABLE,bool,FALSE,FALSE
SAI_MACSEC_PORT_ATTR_STAG_ENABLE,bool,FALSE,FALSE
SAI_MACSEC_PORT_ATTR_SWITCH_SWITCHING_MODE,sai_switch_switching_mode_t,SAI_SWITCH_SWITCHING_MODE_CUT_THROUGH,FALSE
SAI_MACSEC_PORT_ATTR_STATS_COUNT_MODE,sai_stats_count_mode_t,SAI_STATS_COUNT_MODE_PACKET_AND_BYTE,FALSE
SAI_MACSEC_PORT_ATTR_SELECTIVE_COUNTER_LIST,sai_object_list_t,empty,FALSE
SAI_MACSEC_PORT_ATTR_POST_STATUS,sai_macsec_port_post_status_t,SAI_MACSEC_PORT_POST_STATUS_UNKNOWN,FALSE
SAI_MACSEC_FLOW_ATTR_MACSEC_DIRECTION,sai_macsec_direction_t,SAI_MACSEC_DIRECTION_EGRESS,TRUE
SAI_MACSEC_FLOW_ATTR_ACL_ENTRY_LIST,sai_object_list_t,empty list,FALSE
SAI_MACSEC_FLOW_ATTR_SC_LIST,sai_object_list_t,empty list,FALSE
SAI_MACSEC_FLOW_ATTR_STATS_COUNT_MODE,sai_stats_count_mode_t,SAI_STATS_COUNT_MODE_PACKET_AND_BYTE,FALSE
SAI_MACSEC_FLOW_ATTR_SELECTIVE_COUNTER_LIST,sai_object_list_t,empty,FALSE
SAI_MACSEC_SC_ATTR_MACSEC_DIRECTION,sai_macsec_direction_t,SAI_MACSEC_DIRECTION_EGRESS,TRUE
SAI_MACSEC_SC_ATTR_FLOW_ID,sai_object_id_t,SAI_NULL_OBJECT_ID,TRUE
SAI_MACSEC_SC_ATTR_MACSEC_SCI,sai_uint64_t,0,TRUE
SAI_MACSEC_SC_ATTR_MACSEC_EXPLICIT_SCI_ENABLE,bool,FALSE,FALSE
SAI_MACSEC_SC_ATTR_MACSEC_SECTAG_OFFSET,sai_uint8_t,0,FALSE
SAI_MACSEC_SC_ATTR_ACTIVE_EGRESS_SA_ID,sai_object_id_t,SAI_NULL_OBJECT_ID,FALSE
SAI_MACSEC_SC_ATTR_MACSEC_REPLAY_PROTECTION_ENABLE,bool,TRUE,FALSE
SAI_MACSEC_SC_ATTR_MACSEC_REPLAY_PROTECTION_WINDOW,sai_uint32_t,0,FALSE
SAI_MACSEC_SC_ATTR_SA_LIST,sai_object_list_t,empty list,FALSE
SAI_MACSEC_SC_ATTR_MACSEC_CIPHER_SUITE,sai_macsec_cipher_suite_t,SAI_MACSEC_CIPHER_SUITE_GCM_AES_128,TRUE
SAI_MACSEC_SC_ATTR_ENCRYPTION_ENABLE,bool,TRUE,FALSE
SAI_MACSEC_SC_ATTR_MACSEC_PORT_ID,sai_object_id_t,SAI_NULL_OBJECT_ID,FALSE
SAI_MACSEC_SA_ATTR_MACSEC_DIRECTION,sai_macsec_direction_t,SAI_MACSEC_DIRECTION_EGRESS,TRUE
SAI_MACSEC_SA_ATTR_SC_ID,sai_object_id_t,SAI_NULL_OBJECT_ID,TRUE
SAI_MACSEC_SA_ATTR_AN,sai_uint8_t,0,TRUE
SAI_MACSEC_SA_ATTR_SAK,sai_macsec_sak_t,zeroed array,TRUE
SAI_MACSEC_SA_ATTR_SALT,sai_macsec_salt_t,zeroed array,TRUE
SAI_MACSEC_SA_ATTR_AUTH_KEY,sai_macsec_auth_key_t,zeroed array,TRUE
SAI_MACSEC_SA_ATTR_CONFIGURED_EGRESS_XPN,sai_uint64_t,0,FALSE
SAI_MACSEC_SA_ATTR_CURRENT_XPN,sai_uint64_t,0,FALSE
SAI_MACSEC_SA_ATTR_XPN,sai_uint64_t,0,FALSE
SAI_MACSEC_SA_ATTR_MINIMUM_INGRESS_XPN,sai_uint64_t,1,FALSE
SAI_MACSEC_SA_ATTR_MINIMUM_XPN,sai_uint64_t,1,FALSE
SAI_MACSEC_SA_ATTR_MACSEC_SSCI,sai_uint32_t,0,TRUE
SAI_MCAST_FDB_ENTRY_ATTR_GROUP_ID,sai_object_id_t,SAI_NULL_OBJECT_ID,TRUE
SAI_MCAST_FDB_ENTRY_ATTR_PACKET_ACTION,sai_packet_action_t,SAI_PACKET_ACTION_DROP,TRUE
SAI_MCAST_FDB_ENTRY_ATTR_META_DATA,sai_uint32_t,0,FALSE
SAI_MIRROR_SESSION_ATTR_TYPE,sai_mirror_session_type_t,SAI_MIRROR_SESSION_TYPE_LOCAL,TRUE
SAI_MIRROR_SESSION_ATTR_MONITOR_PORT,sai_object_id_t,SAI_NULL_OBJECT_ID,TRUE
SAI_MIRROR_SESSION_ATTR_TRUNCATE_SIZE,sai_uint16_t,0,FALSE
SAI_MIRROR_SESSION_ATTR_SAMPLE_RATE,sai_uint32_t,1,FALSE
SAI_MIRROR_SESSION_ATTR_CONGESTION_MODE,sai_mirror_session_congestion_mode_t,SAI_MIRROR_SESSION_CONGESTION_MODE_INDEPENDENT,FALSE
SAI_MIRROR_SESSION_ATTR_TC,sai_uint8_t,0,FALSE
SAI_MIRROR_SESSION_ATTR_VLAN_TPID,sai_uint16_t,0x8100,FALSE
SAI_MIRROR_SESSION_ATTR_VLAN_ID,sai_uint16_t,0,FALSE
SAI_MIRROR_SESSION_ATTR_VLAN_PRI,sai_uint8_t,0,FALSE
SAI_MIRROR_SESSION_ATTR_VLAN_CFI,sai_uint8_t,0,FALSE
SAI_MIRROR_SESSION_ATTR_VLAN_HEADER_VALID,bool,FALSE,FALSE
SAI_MIRROR_SESSION_ATTR_ERSPAN_ENCAPSULATION_TYPE,sai_erspan_encapsulation_type_t,SAI_ERSPAN_ENCAPSULATION_TYPE_MIRROR_L3_GRE_TUNNEL,TRUE
SAI_MIRROR_SESSION_ATTR_IPHDR_VERSION,sai_uint8_t,0,TRUE
SAI_MIRROR_SESSION_ATTR_TOS,sai_uint8_t,0,TRUE
SAI_MIRROR_SESSION_ATTR_TTL,sai_uint8_t,255,FALSE
SAI_MIRROR_SESSION_ATTR_SRC_IP_ADDRESS,sai_ip_address_t,0,TRUE
SAI_MIRROR_SESSION_ATTR_DST_IP_ADDRESS,sai_ip_address_t,0,TRUE
SAI_MIRROR_SESSION_ATTR_SRC_MAC_ADDRESS,sai_mac_t,zeroed array,TRUE
SAI_MIRROR_SESSION_ATTR_DST_MAC_ADDRESS,sai_mac_t,zeroed array,TRUE
SAI_MIRROR_SESSION_ATTR_GRE_PROTOCOL_TYPE,sai_uint16_t,0,TRUE
SAI_MIRROR_SESSION_ATTR_MONITOR_PORTLIST_VALID,bool,FALSE,FALSE
SAI_MIRROR_SESSION_ATTR_MONITOR_PORTLIST,sai_object_list_t,empty list,TRUE
SAI_MIRROR_SESSION_ATTR_POLICER,sai_object_id_t,SAI_NULL_OBJECT_ID,FALSE
SAI_MIRROR_SESSION_ATTR_UDP_SRC_PORT,sai_uint16_t,0,TRUE
SAI_MIRROR_SESSION_ATTR_UDP_DST_PORT,sai_uint16_t,0,TRUE
SAI_MIRROR_SESSION_ATTR_COUNTER_ID,sai_object_id_t,SAI_NULL_OBJECT_ID,FALSE
SAI_MIRROR_SESSION_ATTR_ERSPAN_SESSION_ID,sai_uint16_t,0,FALSE
SAI_MIRROR_SESSION_ATTR_GRE_HEADER_FIRST_16BIT,sai_uint16_t,0,FALSE
SAI_MIRROR_SESSION_ATTR_LABEL,char,"""""",FALSE
SAI_INSEG_ENTRY_ATTR_NUM_OF_POP,sai_uint8_t,0,FALSE
SAI_INSEG_ENTRY_ATTR_PACKET_ACTION,sai_packet_action_t,SAI_PACKET_ACTION_FORWARD,FALSE
SAI_INSEG_ENTRY_ATTR_TRAP_PRIORITY,sai_uint8_t,0,FALSE
SAI_INSEG_ENTRY_ATTR_NEXT_HOP_ID,sai_object_id_t,SAI_NULL_OBJECT_ID,FALSE
SAI_INSEG_ENTRY_ATTR_PSC_TYPE,sai_inseg_entry_psc_type_t,SAI_INSEG_ENTRY_PSC_TYPE_ELSP,FALSE
SAI_INSEG_ENTRY_ATTR_QOS_TC,sai_uint8_t,0,FALSE
SAI_INSEG_ENTRY_ATTR_MPLS_EXP_TO_TC_MAP,sai_object_id_t,SAI_NULL_OBJECT_ID,FALSE
SAI_INSEG_ENTRY_ATTR_MPLS_EXP_TO_COLOR_MAP,sai_object_id_t,SAI_NULL_OBJECT_ID,FALSE
SAI_INSEG_ENTRY_ATTR_POP_TTL_MODE,sai_inseg_entry_pop_ttl_mode_t,SAI_INSEG_ENTRY_POP_TTL_MODE_UNIFORM,FALSE
SAI_INSEG_ENTRY_ATTR_POP_QOS_MODE,sai_inseg_entry_pop_qos_mode_t,SAI_INSEG_ENTRY_POP_QOS_MODE_UNIFORM,FALSE
SAI_INSEG_ENTRY_ATTR_COUNTER_ID,sai_object_id_t,SAI_NULL_OBJECT_ID,FALSE
SAI_MY_MAC_ATTR_PRIORITY,sai_uint32_t,0,FALSE
SAI_MY_MAC_ATTR_PORT_ID,sai_object_id_t,SAI_NULL_OBJECT_ID,FALSE
SAI_MY_MAC_ATTR_VLAN_ID,sai_uint16_t,0,FALSE
SAI_MY_MAC_ATTR_MAC_ADDRESS,sai_mac_t,vendor,FALSE
SAI_MY_MAC_ATTR_MAC_ADDRESS_MASK,sai_mac_t,vendor,FALSE
SAI_NAT_ENTRY_ATTR_NAT_TYPE,sai_nat_type_t,SAI_NAT_TYPE_NONE,FALSE
SAI_NAT_ENTRY_ATTR_SRC_IP,sai_ip4_t,0.0.0.0,FALSE
SAI_NAT_ENTRY_ATTR_SRC_IP_MASK,sai_ip4_t,0.0.0.0,FALSE
SAI_NAT_ENTRY_ATTR_VR_ID,sai_object_id_t,SAI_NULL_OBJECT_ID,FALSE
SAI_NAT_ENTRY_ATTR_DST_IP,sai_ip4_t,0.0.0.0,FALSE
SAI_NAT_ENTRY_ATTR_DST_IP_MASK,sai_ip4_t,0.0.0.0,FALSE
SAI_NAT_ENTRY_ATTR_L4_SRC_PORT,sai_uint16_t,0,FALSE
SAI_NAT_ENTRY_ATTR_L4_DST_PORT,sai_uint16_t,0,FALSE
SAI_NAT_ENTRY_ATTR_ENABLE_PACKET_COUNT,bool,FALSE,FALSE
SAI_NAT_ENTRY_ATTR_PACKET_COUNT,sai_uint64_t,0,FALSE
SAI_NAT_ENTRY_ATTR_ENABLE_BYTE_COUNT,bool,FALSE,FALSE
SAI_NAT_ENTRY_ATTR_BYTE_COUNT,sai_uint64_t,0,FALSE
SAI_NAT_ENTRY_ATTR_HIT_BIT_COR,bool,FALSE,FALSE
SAI_NAT_ENTRY_ATTR_HIT_BIT,bool,FALSE,FALSE
SAI_NAT_ENTRY_ATTR_AGING_TIME,sai_uint32_t,0,FALSE
SAI_NAT_ZONE_COUNTER_ATTR_NAT_TYPE,sai_nat_type_t,SAI_NAT_TYPE_NONE,FALSE
SAI_NAT_ZONE_COUNTER_ATTR_ZONE_ID,sai_uint8_t,0,FALSE
SAI_NAT_ZONE_COUNTER_ATTR_ENABLE_DISCARD,bool,FALSE,FALSE
SAI_NAT_ZONE_COUNTER_ATTR_DISCARD_PACKET_COUNT,sai_uint64_t,0,FALSE
SAI_NAT_ZONE_COUNTER_ATTR_ENABLE_TRANSLATION_NEEDED,bool,FALSE,FALSE
SAI_NAT_ZONE_COUNTER_ATTR_TRANSLATION_NEEDED_PACKET_COUNT,sai_uint64_t,0,FALSE
SAI_NAT_ZONE_COUNTER_ATTR_ENABLE_TRANSLATIONS,bool,FALSE,FALSE
SAI_NAT_ZONE_COUNTER_ATTR_TRANSLATIONS_PACKET_COUNT,sai_uint64_t,0,FALSE
SAI_NEIGHBOR_ENTRY_ATTR_DST_MAC_ADDRESS,sai_mac_t,zeroed array,TRUE
SAI_NEIGHBOR_ENTRY_ATTR_PACKET_ACTION,sai_packet_action_t,SAI_PACKET_ACTION_FORWARD,FALSE
SAI_NEIGHBOR_ENTRY_ATTR_USER_TRAP_ID,sai_object_id_t,SAI_NULL_OBJECT_ID,FALSE
SAI_NEIGHBOR_ENTRY_ATTR_NO_HOST_ROUTE,bool,FALSE,FALSE
SAI_NEIGHBOR_ENTRY_ATTR_META_DATA,sai_uint32_t,0,FALSE
SAI_NEIGHBOR_ENTRY_ATTR_COUNTER_ID,sai_object_id_t,SAI_NULL_OBJECT_ID,FALSE
SAI_NEIGHBOR_ENTRY_ATTR_ENCAP_INDEX,sai_uint32_t,internal,FALSE
SAI_NEIGHBOR_ENTRY_ATTR_ENCAP_IMPOSE_INDEX,bool,FALSE,FALSE
SAI_NEIGHBOR_ENTRY_ATTR_IS_LOCAL,bool,TRUE,FALSE
SAI_NEIGHBOR_ENTRY_ATTR_IP_ADDR_FAMILY,sai_ip_addr_family_t,SAI_IP_ADDR_FAMILY_IPV4,FALSE
SAI_NEXT_HOP_ATTR_TYPE,sai_next_hop_type_t,SAI_NEXT_HOP_TYPE_IP,TRUE
SAI_NEXT_HOP_ATTR_IP,sai_ip_address_t,0,TRUE
SAI_NEXT_HOP_ATTR_ROUTER_INTERFACE_ID,sai_object_id_t,SAI_NULL_OBJECT_ID,TRUE
SAI_NEXT_HOP_ATTR_TUNNEL_ID,sai_object_id_t,SAI_NULL_OBJECT_ID,TRUE
SAI_NEXT_HOP_ATTR_TUNNEL_VNI,sai_uint32_t,0,FALSE
SAI_NEXT_HOP_ATTR_TUNNEL_MAC,sai_mac_t,attrvalue SAI_SWITCH_ATTR_VXLAN_DEFAULT_ROUTER_MAC,FALSE
SAI_NEXT_HOP_ATTR_SRV6_SIDLIST_ID,sai_object_id_t,SAI_NULL_OBJECT_ID,TRUE
SAI_NEXT_HOP_ATTR_LABELSTACK,sai_u32_list_t,empty list,TRUE
SAI_NEXT_HOP_ATTR_COUNTER_ID,sai_object_id_t,SAI_NULL_OBJECT_ID,FALSE
SAI_NEXT_HOP_ATTR_DISABLE_DECREMENT_TTL,bool,FALSE,FALSE
SAI_NEXT_HOP_ATTR_OUTSEG_TYPE,sai_outseg_type_t,SAI_OUTSEG_TYPE_SWAP,FALSE
SAI_NEXT_HOP_ATTR_OUTSEG_TTL_MODE,sai_outseg_ttl_mode_t,SAI_OUTSEG_TTL_MODE_UNIFORM,FALSE
SAI_NEXT_HOP_ATTR_OUTSEG_TTL_VALUE,sai_uint8_t,255,FALSE
SAI_NEXT_HOP_ATTR_OUTSEG_EXP_MODE,sai_outseg_exp_mode_t,SAI_OUTSEG_EXP_MODE_UNIFORM,FALSE
SAI_NEXT_HOP_ATTR_OUTSEG_EXP_VALUE,sai_uint8_t,0,FALSE
SAI_NEXT_HOP_ATTR_QOS_TC_AND_COLOR_TO_MPLS_EXP_MAP,sai_object_id_t,SAI_NULL_OBJECT_ID,FALSE
SAI_NEXT_HOP_ATTR_DISABLE_SRC_MAC_REWRITE,bool,FALSE,FALSE
SAI_NEXT_HOP_ATTR_DISABLE_DST_MAC_REWRITE,bool,FALSE,FALSE
SAI_NEXT_HOP_ATTR_DISABLE_VLAN_REWRITE,bool,FALSE,FALSE
SAI_NEXT_HOP_ATTR_META_DATA,sai_uint32_t,0,FALSE
SAI_NEXT_HOP_GROUP_ATTR_NEXT_HOP_COUNT,sai_uint32_t,0,FALSE
SAI_NEXT_HOP_GROUP_ATTR_NEXT_HOP_MEMBER_LIST,sai_object_list_t,empty list,FALSE
SAI_NEXT_HOP_GROUP_ATTR_TYPE,sai_next_hop_group_type_t,SAI_NEXT_HOP_GROUP_TYPE_DYNAMIC_UNORDERED_ECMP,TRUE
SAI_NEXT_HOP_GROUP_ATTR_SET_SWITCHOVER,bool,FALSE,FALSE
SAI_NEXT_HOP_GROUP_ATTR_COUNTER_ID,sai_object_id_t,SAI_NULL_OBJECT_ID,FALSE
SAI_NEXT_HOP_GROUP_ATTR_CONFIGURED_SIZE,sai_uint32_t,0,FALSE
SAI_NEXT_HOP_GROUP_ATTR_REAL_SIZE,sai_uint32_t,0,FALSE
SAI_NEXT_HOP_GROUP_ATTR_SELECTION_MAP,sai_object_id_t,SAI_NULL_OBJECT_ID,FALSE
SAI_NEXT_HOP_GROUP_ATTR_HIERARCHICAL_NEXTHOP,bool,TRUE,FALSE
SAI_NEXT_HOP_GROUP_ATTR_ARS_OBJECT_ID,sai_object_id_t,SAI_NULL_OBJECT_ID,FALSE
SAI_NEXT_HOP_GROUP_ATTR_ARS_PACKET_DROPS,sai_uint32_t,0,FALSE
SAI_NEXT_HOP_GROUP_ATTR_ARS_NEXT_HOP_REASSIGNMENTS,sai_uint32_t,0,FALSE
SAI_NEXT_HOP_GROUP_ATTR_ARS_PORT_REASSIGNMENTS,sai_uint32_t,0,FALSE
SAI_NEXT_HOP_GROUP_ATTR_NEXT_HOP_LIST,sai_object_list_t,empty,FALSE
SAI_NEXT_HOP_GROUP_ATTR_NEXT_HOP_MEMBER_WEIGHT_LIST,sai_u32_list_t,empty,FALSE
SAI_NEXT_HOP_GROUP_ATTR_NEXT_HOP_MEMBER_COUNTER_LIST,sai_object_list_t,empty,FALSE
SAI_NEXT_HOP_GROUP_ATTR_HASH_ALGORITHM,sai_hash_algorithm_t,SAI_HASH_ALGORITHM_NONE,FALSE
SAI_NEXT_HOP_GROUP_ATTR_LABEL,char,"""""",FALSE
SAI_NEXT_HOP_GROUP_ATTR_ADMIN_ROLE,sai_next_hop_group_admin_role_t,SAI_NEXT_HOP_GROUP_ADMIN_ROLE_AUTO,FALSE
SAI_NEXT_HOP_GROUP_MEMBER_ATTR_NEXT_HOP_GROUP_ID,sai_object_id_t,SAI_NULL_OBJECT_ID,TRUE
SAI_NEXT_HOP_GROUP_MEMBER_ATTR_NEXT_HOP_ID,sai_object_id_t,SAI_NULL_OBJECT_ID,TRUE
SAI_NEXT_HOP_GROUP_MEMBER_ATTR_WEIGHT,sai_uint32_t,1,FALSE
SAI_NEXT_HOP_GROUP_MEMBER_ATTR_CONFIGURED_ROLE,sai_next_hop_group_member_configured_role_t,SAI_NEXT_HOP_GROUP_MEMBER_CONFIGURED_ROLE_PRIMARY,FALSE
SAI_NEXT_HOP_GROUP_MEMBER_ATTR_OBSERVED_ROLE,sai_next_hop_group_member_observed_role_t,SAI_NEXT_HOP_GROUP_MEMBER_OBSERVED_ROLE_ACTIVE,FALSE
SAI_NEXT_HOP_GROUP_MEMBER_ATTR_MONITORED_OBJECT,sai_object_id_t,SAI_NULL_OBJECT_ID,FALSE
SAI_NEXT_HOP_GROUP_MEMBER_ATTR_INDEX,sai_uint32_t,0,FALSE
SAI_NEXT_HOP_GROUP_MEMBER_ATTR_SEQUENCE_ID,sai_uint32_t,0,FALSE
SAI_NEXT_HOP_GROUP_MEMBER_ATTR_COUNTER_ID,sai_object_id_t,SAI_NULL_OBJECT_ID,FALSE
SAI_NEXT_HOP_GROUP_MEMBER_ATTR_ARS_ALTERNATE_PATH,bool,FALSE,FALSE
SAI_NEXT_HOP_GROUP_MAP_ATTR_TYPE,sai_next_hop_group_map_type_t,SAI_NEXT_HOP_GROUP_MAP_TYPE_FORWARDING_CLASS_TO_INDEX,TRUE
SAI_NEXT_HOP_GROUP_MAP_ATTR_MAP_TO_VALUE_LIST,sai_map_list_t,empty,FALSE
SAI_POE_DEVICE_ATTR_HARDWARE_INFO,char,"""""",FALSE
SAI_POE_DEVICE_ATTR_POE_PSE_LIST,sai_object_list_t,empty list,FALSE
SAI_POE_DEVICE_ATTR_POE_PORT_LIST,sai_object_list_t,empty list,FALSE
SAI_POE_DEVICE_ATTR_TOTAL_POWER,sai_uint32_t,0,FALSE
SAI_POE_DEVICE_ATTR_POWER_CONSUMPTION,sai_uint32_t,0,FALSE
SAI_POE_DEVICE_ATTR_VERSION,char,"""""",FALSE
SAI_POE_DEVICE_ATTR_POWER_LIMIT_MODE,sai_poe_device_limit_mode_t,SAI_POE_DEVICE_LIMIT_MODE_CLASS,FALSE
SAI_POE_PSE_ATTR_ID,sai_uint32_t,0,TRUE
SAI_POE_PSE_ATTR_DEVICE_ID,sai_object_id_t,SAI_NULL_OBJECT_ID,TRUE
SAI_POE_PSE_ATTR_SOFTWARE_VERSION,char,"""""",FALSE
SAI_POE_PSE_ATTR_HARDWARE_VERSION,char,"""""",FALSE
SAI_POE_PSE_ATTR_TEMPERATURE,sai_int16_t,0,FALSE
SAI_POE_PSE_ATTR_STATUS,sai_poe_pse_status_t,SAI_POE_PSE_STATUS_TYPE_ACTIVE,FALSE
SAI_POE_PORT_ATTR_FRONT_PANEL_ID,sai_uint32_t,0,TRUE
SAI_POE_PORT_ATTR_DEVICE_ID,sai_object_id_t,SAI_NULL_OBJECT_ID,TRUE
SAI_POE_PORT_ATTR_STANDARD,sai_poe_port_standard_t,SAI_POE_PORT_STANDARD_TYPE_AF,FALSE
SAI_POE_PORT_ATTR_ADMIN_ENABLED_STATE,bool,FALSE,FALSE
SAI_POE_PORT_ATTR_POWER_LIMIT,sai_uint32_t,0,FALSE
SAI_POE_PORT_ATTR_POWER_PRIORITY,sai_poe_port_power_priority_t,SAI_POE_PORT_POWER_PRIORITY_TYPE_HIGH,FALSE
SAI_POE_PORT_ATTR_CONSUMPTION,sai_poe_port_power_consumption_t,zeroed structure,FALSE
SAI_POE_PORT_ATTR_STATUS,sai_poe_port_status_t,SAI_POE_PORT_STATUS_TYPE_OFF,FALSE
SAI_POLICER_ATTR_METER_TYPE,sai_meter_type_t,SAI_METER_TYPE_PACKETS,TRUE
SAI_POLICER_ATTR_MODE,sai_policer_mode_t,SAI_POLICER_MODE_SR_TCM,TRUE
SAI_POLICER_ATTR_COLOR_SOURCE,sai_policer_color_source_t,SAI_POLICER_COLOR_SOURCE_AWARE,FALSE
SAI_POLICER_ATTR_CBS,sai_uint64_t,0,FALSE
SAI_POLICER_ATTR_CIR,sai_uint64_t,0,FALSE
SAI_POLICER_ATTR_PBS,sai_uint64_t,0,FALSE
SAI_POLICER_ATTR_PIR,sai_uint64_t,0,FALSE
SAI_POLICER_ATTR_GREEN_PACKET_ACTION,sai_packet_action_t,SAI_PACKET_ACTION_FORWARD,FALSE
SAI_POLICER_ATTR_YELLOW_PACKET_ACTION,sai_packet_action_t,SAI_PACKET_ACTION_FORWARD,FALSE
SAI_POLICER_ATTR_RED_PACKET_ACTION,sai_packet_action_t,SAI_PACKET_ACTION_FORWARD,FALSE
SAI_POLICER_ATTR_ENABLE_COUNTER_PACKET_ACTION_LIST,sai_s32_list_t sai_packet_action_t,empty,FALSE
SAI_POLICER_ATTR_OBJECT_STAGE,sai_object_stage_t,SAI_OBJECT_STAGE_BOTH,FALSE
SAI_POLICER_ATTR_STATS_COUNT_MODE,sai_stats_count_mode_t,SAI_STATS_COUNT_MODE_PACKET_AND_BYTE,FALSE
SAI_POLICER_ATTR_SELECTIVE_COUNTER_LIST,sai_object_list_t,empty,FALSE
SAI_POLICER_ATTR_LABEL,char,"""""",FALSE
SAI_POLICER_STAT_ATTR_BYTES,uint64_t,0,FALSE
SAI_PORT_ATTR_TYPE,sai_port_type_t,SAI_PORT_TYPE_LOGICAL,FALSE
SAI_PORT_ATTR_OPER_STATUS,sai_port_oper_status_t,SAI_PORT_OPER_STATUS_UNKNOWN,FALSE
SAI_PORT_ATTR_SUPPORTED_BREAKOUT_MODE_TYPE,sai_s32_list_t sai_port_breakout_mode_type_t,empty list,FALSE
SAI_PORT_ATTR_CURRENT_BREAKOUT_MODE_TYPE,sai_port_breakout_mode_type_t,SAI_PORT_BREAKOUT_MODE_TYPE_1_LANE,FALSE
SAI_PORT_ATTR_QOS_NUMBER_OF_QUEUES,sai_uint32_t,0,FALSE
SAI_PORT_ATTR_QOS_QUEUE_LIST,sai_object_list_t,empty list,FALSE
SAI_PORT_ATTR_QOS_NUMBER_OF_SCHEDULER_GROUPS,sai_uint32_t,0,FALSE
SAI_PORT_ATTR_QOS_SCHEDULER_GROUP_LIST,sai_object_list_t,empty list,FALSE
SAI_PORT_ATTR_QOS_MAXIMUM_HEADROOM_SIZE,sai_uint32_t,0,FALSE
SAI_PORT_ATTR_SUPPORTED_SPEED,sai_u32_list_t,empty list,FALSE
SAI_PORT_ATTR_SUPPORTED_FEC_MODE,sai_s32_list_t sai_port_fec_mode_t,empty list,FALSE
SAI_PORT_ATTR_SUPPORTED_FEC_MODE_EXTENDED,sai_s32_list_t sai_port_fec_mode_extended_t,empty list,FALSE
SAI_PORT_ATTR_SUPPORTED_HALF_DUPLEX_SPEED,sai_u32_list_t,empty list,FALSE
SAI_PORT_ATTR_SUPPORTED_AUTO_NEG_MODE,bool,FALSE,FALSE
SAI_PORT_ATTR_SUPPORTED_FLOW_CONTROL_MODE,sai_port_flow_control_mode_t,SAI_PORT_FLOW_CONTROL_MODE_DISABLE,FALSE
SAI_PORT_ATTR_SUPPORTED_ASYMMETRIC_PAUSE_MODE,bool,FALSE,FALSE
SAI_PORT_ATTR_SUPPORTED_MEDIA_TYPE,sai_port_media_type_t,SAI_PORT_MEDIA_TYPE_NOT_PRESENT,FALSE
SAI_PORT_ATTR_REMOTE_ADVERTISED_SPEED,sai_u32_list_t,empty list,FALSE
SAI_PORT_ATTR_REMOTE_ADVERTISED_FEC_MODE,sai_s32_list_t sai_port_fec_mode_t,empty list,FALSE
SAI_PORT_ATTR_REMOTE_ADVERTISED_FEC_MODE_EXTENDED,sai_s32_list_t sai_port_fec_mode_extended_t,empty list,FALSE
SAI_PORT_ATTR_REMOTE_ADVERTISED_HALF_DUPLEX_SPEED,sai_u32_list_t,empty list,FALSE
SAI_PORT_ATTR_REMOTE_ADVERTISED_AUTO_NEG_MODE,bool,FALSE,FALSE
SAI_PORT_ATTR_REMOTE_ADVERTISED_FLOW_CONTROL_MODE,sai_port_flow_control_mode_t,SAI_PORT_FLOW_CONTROL_MODE_DISABLE,FALSE
SAI_PORT_ATTR_REMOTE_ADVERTISED_ASYMMETRIC_PAUSE_MODE,bool,FALSE,FALSE
SAI_PORT_ATTR_REMOTE_ADVERTISED_MEDIA_TYPE,sai_port_media_type_t,SAI_PORT_MEDIA_TYPE_NOT_PRESENT,FALSE
SAI_PORT_ATTR_REMOTE_ADVERTISED_OUI_CODE,sai_uint32_t,0,FALSE
SAI_PORT_ATTR_NUMBER_OF_INGRESS_PRIORITY_GROUPS,sai_uint32_t,0,FALSE
SAI_PORT_ATTR_INGRESS_PRIORITY_GROUP_LIST,sai_object_list_t,empty list,FALSE
SAI_PORT_ATTR_EYE_VALUES,sai_port_eye_values_list_t,empty list,FALSE
SAI_PORT_ATTR_OPER_SPEED,sai_uint32_t,0,FALSE
SAI_PORT_ATTR_HW_LANE_LIST,sai_u32_list_t,empty list,TRUE
SAI_PORT_ATTR_SPEED,sai_uint32_t,0,TRUE
SAI_PORT_ATTR_FULL_DUPLEX_MODE,bool,TRUE,FALSE
SAI_PORT_ATTR_AUTO_NEG_MODE,bool,FALSE,FALSE
SAI_PORT_ATTR_ADMIN_STATE,bool,FALSE,FALSE
SAI_PORT_ATTR_MEDIA_TYPE,sai_port_media_type_t,SAI_PORT_MEDIA_TYPE_NOT_PRESENT,FALSE
SAI_PORT_ATTR_ADVERTISED_SPEED,sai_u32_list_t,empty,FALSE
SAI_PORT_ATTR_ADVERTISED_FEC_MODE,sai_s32_list_t sai_port_fec_mode_t,empty,FALSE
SAI_PORT_ATTR_ADVERTISED_FEC_MODE_EXTENDED,sai_s32_list_t sai_port_fec_mode_extended_t,empty,FALSE
SAI_PORT_ATTR_ADVERTISED_HALF_DUPLEX_SPEED,sai_u32_list_t,empty,FALSE
SAI_PORT_ATTR_ADVERTISED_AUTO_NEG_MODE,bool,FALSE,FALSE
SAI_PORT_ATTR_ADVERTISED_FLOW_CONTROL_MODE,sai_port_flow_control_mode_t,SAI_PORT_FLOW_CONTROL_MODE_DISABLE,FALSE
SAI_PORT_ATTR_ADVERTISED_ASYMMETRIC_PAUSE_MODE,bool,FALSE,FALSE
SAI_PORT_ATTR_ADVERTISED_MEDIA_TYPE,sai_port_media_type_t,SAI_PORT_MEDIA_TYPE_UNKNOWN,FALSE
SAI_PORT_ATTR_ADVERTISED_OUI_CODE,sai_uint32_t,0x6A737D,FALSE
SAI_PORT_ATTR_PORT_VLAN_ID,sai_uint16_t,1,FALSE
SAI_PORT_ATTR_DEFAULT_VLAN_PRIORITY,sai_uint8_t,0,FALSE
SAI_PORT_ATTR_DROP_UNTAGGED,bool,FALSE,FALSE
SAI_PORT_ATTR_DROP_TAGGED,bool,FALSE,FALSE
SAI_PORT_ATTR_INTERNAL_LOOPBACK_MODE,sai_port_internal_loopback_mode_t,SAI_PORT_INTERNAL_LOOPBACK_MODE_NONE,FALSE
SAI_PORT_ATTR_USE_EXTENDED_FEC,bool,FALSE,FALSE
SAI_PORT_ATTR_FEC_MODE,sai_port_fec_mode_t,SAI_PORT_FEC_MODE_NONE,FALSE
SAI_PORT_ATTR_FEC_MODE_EXTENDED,sai_port_fec_mode_extended_t,SAI_PORT_FEC_MODE_EXTENDED_NONE,FALSE
SAI_PORT_ATTR_UPDATE_DSCP,bool,FALSE,FALSE
SAI_PORT_ATTR_MTU,sai_uint32_t,1514,FALSE
SAI_PORT_ATTR_FLOOD_STORM_CONTROL_POLICER_ID,sai_object_id_t,SAI_NULL_OBJECT_ID,FALSE
SAI_PORT_ATTR_BROADCAST_STORM_CONTROL_POLICER_ID,sai_object_id_t,SAI_NULL_OBJECT_ID,FALSE
SAI_PORT_ATTR_MULTICAST_STORM_CONTROL_POLICER_ID,sai_object_id_t,SAI_NULL_OBJECT_ID,FALSE
SAI_PORT_ATTR_GLOBAL_FLOW_CONTROL_MODE,sai_port_flow_control_mode_t,SAI_PORT_FLOW_CONTROL_MODE_DISABLE,FALSE
SAI_PORT_ATTR_INGRESS_ACL,sai_object_id_t,SAI_NULL_OBJECT_ID,FALSE
SAI_PORT_ATTR_EGRESS_ACL,sai_object_id_t,SAI_NULL_OBJECT_ID,FALSE
SAI_PORT_ATTR_INGRESS_MACSEC_ACL,sai_object_id_t,SAI_NULL_OBJECT_ID,FALSE
SAI_PORT_ATTR_EGRESS_MACSEC_ACL,sai_object_id_t,SAI_NULL_OBJECT_ID,FALSE
SAI_PORT_ATTR_MACSEC_PORT_LIST,sai_object_list_t,empty list,FALSE
SAI_PORT_ATTR_INGRESS_MIRROR_SESSION,sai_object_list_t,empty,FALSE
SAI_PORT_ATTR_EGRESS_MIRROR_SESSION,sai_object_list_t,empty,FALSE
SAI_PORT_ATTR_INGRESS_SAMPLEPACKET_ENABLE,sai_object_id_t,SAI_NULL_OBJECT_ID,FALSE
SAI_PORT_ATTR_EGRESS_SAMPLEPACKET_ENABLE,sai_object_id_t,SAI_NULL_OBJECT_ID,FALSE
SAI_PORT_ATTR_INGRESS_SAMPLE_MIRROR_SESSION,sai_object_list_t,empty,FALSE
SAI_PORT_ATTR_EGRESS_SAMPLE_MIRROR_SESSION,sai_object_list_t,empty,FALSE
SAI_PORT_ATTR_POLICER_ID,sai_object_id_t,SAI_NULL_OBJECT_ID,FALSE
SAI_PORT_ATTR_QOS_DEFAULT_TC,sai_uint8_t,0,FALSE
SAI_PORT_ATTR_QOS_DOT1P_TO_TC_MAP,sai_object_id_t,SAI_NULL_OBJECT_ID,FALSE
SAI_PORT_ATTR_QOS_DOT1P_TO_COLOR_MAP,sai_object_id_t,SAI_NULL_OBJECT_ID,FALSE
SAI_PORT_ATTR_QOS_DSCP_TO_TC_MAP,sai_object_id_t,SAI_NULL_OBJECT_ID,FALSE
SAI_PORT_ATTR_QOS_DSCP_TO_COLOR_MAP,sai_object_id_t,SAI_NULL_OBJECT_ID,FALSE
SAI_PORT_ATTR_QOS_TC_TO_QUEUE_MAP,sai_object_id_t,SAI_NULL_OBJECT_ID,FALSE
SAI_PORT_ATTR_QOS_TC_AND_COLOR_TO_DOT1P_MAP,sai_object_id_t,SAI_NULL_OBJECT_ID,FALSE
SAI_PORT_ATTR_QOS_TC_AND_COLOR_TO_DSCP_MAP,sai_object_id_t,SAI_NULL_OBJECT_ID,FALSE
SAI_PORT_ATTR_QOS_TC_TO_PRIORITY_GROUP_MAP,sai_object_id_t,SAI_NULL_OBJECT_ID,FALSE
SAI_PORT_ATTR_QOS_PFC_PRIORITY_TO_PRIORITY_GROUP_MAP,sai_object_id_t,SAI_NULL_OBJECT_ID,FALSE
SAI_PORT_ATTR_QOS_PFC_PRIORITY_TO_QUEUE_MAP,sai_object_id_t,SAI_NULL_OBJECT_ID,FALSE
SAI_PORT_ATTR_QOS_SCHEDULER_PROFILE_ID,sai_object_id_t,SAI_NULL_OBJECT_ID,FALSE
SAI_PORT_ATTR_QOS_INGRESS_BUFFER_PROFILE_LIST,sai_object_list_t,empty,FALSE
SAI_PORT_ATTR_QOS_EGRESS_BUFFER_PROFILE_LIST,sai_object_list_t,empty,FALSE
SAI_PORT_ATTR_PRIORITY_FLOW_CONTROL_MODE,sai_port_priority_flow_control_mode_t,SAI_PORT_PRIORITY_FLOW_CONTROL_MODE_COMBINED,FALSE
SAI_PORT_ATTR_PRIORITY_FLOW_CONTROL,sai_uint8_t,0,FALSE
SAI_PORT_ATTR_PRIORITY_FLOW_CONTROL_RX,sai_uint8_t,0,FALSE
SAI_PORT_ATTR_PRIORITY_FLOW_CONTROL_TX,sai_uint8_t,0,FALSE
SAI_PORT_ATTR_META_DATA,sai_uint32_t,0,FALSE
SAI_PORT_ATTR_EGRESS_BLOCK_PORT_LIST,sai_object_list_t,empty,FALSE
SAI_PORT_ATTR_HW_PROFILE_ID,sai_uint64_t,vendor,FALSE
SAI_PORT_ATTR_EEE_ENABLE,bool,FALSE,FALSE
SAI_PORT_ATTR_EEE_IDLE_TIME,sai_uint16_t,2500,FALSE
SAI_PORT_ATTR_EEE_WAKE_TIME,sai_uint16_t,5,FALSE
SAI_PORT_ATTR_PORT_POOL_LIST,sai_object_list_t,empty list,FALSE
SAI_PORT_ATTR_ISOLATION_GROUP,sai_object_id_t,SAI_NULL_OBJECT_ID,FALSE
SAI_PORT_ATTR_PKT_TX_ENABLE,bool,TRUE,FALSE
SAI_PORT_ATTR_TAM_OBJECT,sai_object_list_t,empty,FALSE
SAI_PORT_ATTR_SERDES_PREEMPHASIS,sai_u32_list_t,internal,FALSE
SAI_PORT_ATTR_SERDES_IDRIVER,sai_u32_list_t,internal,FALSE
SAI_PORT_ATTR_SERDES_IPREDRIVER,sai_u32_list_t,internal,FALSE
SAI_PORT_ATTR_LINK_TRAINING_ENABLE,bool,FALSE,FALSE
SAI_PORT_ATTR_PTP_MODE,sai_port_ptp_mode_t,SAI_PORT_PTP_MODE_NONE,FALSE
SAI_PORT_ATTR_INTERFACE_TYPE,sai_port_interface_type_t,SAI_PORT_INTERFACE_TYPE_NONE,FALSE
SAI_PORT_ATTR_ADVERTISED_INTERFACE_TYPE,sai_s32_list_t sai_port_interface_type_t,empty,FALSE
SAI_PORT_ATTR_REFERENCE_CLOCK,sai_uint64_t,internal,FALSE
SAI_PORT_ATTR_PRBS_POLYNOMIAL,sai_uint32_t,internal,FALSE
SAI_PORT_ATTR_PORT_SERDES_ID,sai_object_id_t,SAI_NULL_OBJECT_ID,FALSE
SAI_PORT_ATTR_LINK_TRAINING_FAILURE_STATUS,sai_port_link_training_failure_status_t,SAI_PORT_LINK_TRAINING_FAILURE_STATUS_NO_ERROR,FALSE
SAI_PORT_ATTR_LINK_TRAINING_RX_STATUS,sai_port_link_training_rx_status_t,SAI_PORT_LINK_TRAINING_RX_STATUS_NOT_TRAINED,FALSE
SAI_PORT_ATTR_PRBS_CONFIG,sai_port_prbs_config_t,SAI_PORT_PRBS_CONFIG_DISABLE,FALSE
SAI_PORT_ATTR_PRBS_LOCK_STATUS,bool,FALSE,FALSE
SAI_PORT_ATTR_PRBS_LOCK_LOSS_STATUS,bool,FALSE,FALSE
SAI_PORT_ATTR_PRBS_RX_STATUS,sai_port_prbs_rx_status_t,SAI_PORT_PRBS_RX_STATUS_OK,FALSE
SAI_PORT_ATTR_PRBS_RX_STATE,sai_prbs_rx_state_t,zeroed structure,FALSE
SAI_PORT_ATTR_AUTO_NEG_STATUS,bool,FALSE,FALSE
SAI_PORT_ATTR_DISABLE_DECREMENT_TTL,bool,FALSE,FALSE
SAI_PORT_ATTR_QOS_MPLS_EXP_TO_TC_MAP,sai_object_id_t,SAI_NULL_OBJECT_ID,FALSE
SAI_PORT_ATTR_QOS_MPLS_EXP_TO_COLOR_MAP,sai_object_id_t,SAI_NULL_OBJECT_ID,FALSE
SAI_PORT_ATTR_QOS_TC_AND_COLOR_TO_MPLS_EXP_MAP,sai_object_id_t,SAI_NULL_OBJECT_ID,FALSE
SAI_PORT_ATTR_TPID,sai_uint16_t,0x8100,FALSE
SAI_PORT_ATTR_ERR_STATUS_LIST,sai_port_err_status_list_t,empty list,FALSE
SAI_PORT_ATTR_FABRIC_ATTACHED,bool,FALSE,FALSE
SAI_PORT_ATTR_FABRIC_ATTACHED_SWITCH_TYPE,sai_switch_type_t,SAI_SWITCH_TYPE_NPU,FALSE
SAI_PORT_ATTR_FABRIC_ATTACHED_SWITCH_ID,sai_uint32_t,0,FALSE
SAI_PORT_ATTR_FABRIC_ATTACHED_PORT_INDEX,sai_uint32_t,0,FALSE
SAI_PORT_ATTR_FABRIC_REACHABILITY,sai_fabric_port_reachability_t,zeroed structure,FALSE
SAI_PORT_ATTR_SYSTEM_PORT,sai_object_id_t,SAI_NULL_OBJECT_ID,FALSE
SAI_PORT_ATTR_AUTO_NEG_FEC_MODE_OVERRIDE,bool,FALSE,FALSE
SAI_PORT_ATTR_LOOPBACK_MODE,sai_port_loopback_mode_t,SAI_PORT_LOOPBACK_MODE_NONE,FALSE
SAI_PORT_ATTR_MDIX_MODE_STATUS,sai_port_mdix_mode_status_t,SAI_PORT_MDIX_MODE_STATUS_STRAIGHT,FALSE
SAI_PORT_ATTR_MDIX_MODE_CONFIG,sai_port_mdix_mode_config_t,SAI_PORT_MDIX_MODE_CONFIG_AUTO,FALSE
SAI_PORT_ATTR_AUTO_NEG_CONFIG_MODE,sai_port_auto_neg_config_mode_t,SAI_PORT_AUTO_NEG_CONFIG_MODE_DISABLED,FALSE
SAI_PORT_ATTR_1000X_SGMII_SLAVE_AUTODETECT,bool,FALSE,FALSE
SAI_PORT_ATTR_MODULE_TYPE,sai_port_module_type_t,SAI_PORT_MODULE_TYPE_1000BASE_X,FALSE
SAI_PORT_ATTR_DUAL_MEDIA,sai_port_dual_media_t,SAI_PORT_DUAL_MEDIA_NONE,FALSE
SAI_PORT_ATTR_AUTO_NEG_FEC_MODE_EXTENDED,sai_port_fec_mode_extended_t,SAI_PORT_FEC_MODE_EXTENDED_NONE,FALSE
SAI_PORT_ATTR_IPG,sai_uint32_t,96,FALSE
SAI_PORT_ATTR_GLOBAL_FLOW_CONTROL_FORWARD,bool,FALSE,FALSE
SAI_PORT_ATTR_PRIORITY_FLOW_CONTROL_FORWARD,bool,FALSE,FALSE
SAI_PORT_ATTR_QOS_DSCP_TO_FORWARDING_CLASS_MAP,sai_object_id_t,SAI_NULL_OBJECT_ID,FALSE
SAI_PORT_ATTR_QOS_MPLS_EXP_TO_FORWARDING_CLASS_MAP,sai_object_id_t,SAI_NULL_OBJECT_ID,FALSE
SAI_PORT_ATTR_IPSEC_PORT,sai_object_id_t,SAI_NULL_OBJECT_ID,FALSE
SAI_PORT_ATTR_PFC_TC_DLD_INTERVAL_RANGE,sai_u32_range_t,0-0,FALSE
SAI_PORT_ATTR_PFC_TC_DLD_INTERVAL,sai_map_list_t,empty,FALSE
SAI_PORT_ATTR_PFC_TC_DLR_INTERVAL_RANGE,sai_u32_range_t,0-0,FALSE
SAI_PORT_ATTR_PFC_TC_DLR_INTERVAL,sai_map_list_t,empty,FALSE
SAI_PORT_ATTR_SUPPORTED_LINK_TRAINING_MODE,bool,FALSE,FALSE
SAI_PORT_ATTR_RX_SIGNAL_DETECT,sai_port_lane_latch_status_list_t,empty list,FALSE
SAI_PORT_ATTR_RX_LOCK_STATUS,sai_port_lane_latch_status_list_t,empty list,FALSE
SAI_PORT_ATTR_PCS_RX_LINK_STATUS,sai_latch_status_t,zeroed structure,FALSE
SAI_PORT_ATTR_FEC_ALIGNMENT_LOCK,sai_port_lane_latch_status_list_t,empty list,FALSE
SAI_PORT_ATTR_FABRIC_ISOLATE,bool,FALSE,FALSE
SAI_PORT_ATTR_MAX_FEC_SYMBOL_ERRORS_DETECTABLE,sai_uint32_t,0,FALSE
SAI_PORT_ATTR_ARS_ENABLE,bool,FALSE,FALSE
SAI_PORT_ATTR_ARS_PORT_LOAD_SCALING_FACTOR,sai_uint32_t,0,FALSE
SAI_PORT_ATTR_ARS_PORT_LOAD_PAST_ENABLE,bool,FALSE,FALSE
SAI_PORT_ATTR_ARS_PORT_LOAD_FUTURE_ENABLE,bool,FALSE,FALSE
SAI_PORT_ATTR_ARS_ALTERNATE_PATH,bool,FALSE,FALSE
SAI_PORT_ATTR_JSON_FORMATTED_DEBUG_DATA,sai_s8_list_t,empty list,FALSE
SAI_PORT_ATTR_ECMP_HASH_ALGORITHM,sai_hash_algorithm_t,SAI_HASH_ALGORITHM_CRC,FALSE
SAI_PORT_ATTR_ECMP_HASH_SEED,sai_uint32_t,0,FALSE
SAI_PORT_ATTR_ECMP_HASH_OFFSET,sai_uint8_t,0,FALSE
SAI_PORT_ATTR_OPER_PORT_FEC_MODE,sai_port_fec_mode_t,SAI_PORT_FEC_MODE_NONE,FALSE
SAI_PORT_ATTR_HOST_TX_SIGNAL_ENABLE,bool,TRUE,FALSE
SAI_PORT_ATTR_HOST_TX_READY_STATUS,sai_port_host_tx_ready_status_t,SAI_PORT_HOST_TX_READY_STATUS_NOT_READY,FALSE
SAI_PORT_ATTR_PATH_TRACING_INTF,sai_uint16_t,0,FALSE
SAI_PORT_ATTR_PATH_TRACING_TIMESTAMP_TYPE,sai_port_path_tracing_timestamp_type_t,SAI_PORT_PATH_TRACING_TIMESTAMP_TYPE_16_23,FALSE
SAI_PORT_ATTR_RX_FREQUENCY_OFFSET_PPM,sai_port_frequency_offset_ppm_list_t,empty list,FALSE
SAI_PORT_ATTR_RX_SNR,sai_port_snr_list_t,empty list,FALSE
SAI_PORT_ATTR_DATAPATH_ENABLE,sai_port_datapath_enable_t,SAI_PORT_DATAPATH_ENABLE_PASS_THROUGH_MODE,FALSE
SAI_PORT_ATTR_CABLE_PAIR_STATE,sai_s32_list_t sai_port_cable_pair_state_t,empty list,FALSE
SAI_PORT_ATTR_CABLE_PAIR_LENGTH,sai_s32_list_t,empty list,FALSE
SAI_PORT_ATTR_CABLE_TYPE,sai_port_cable_type_t,SAI_PORT_CABLE_TYPE_UNKNOWN,FALSE
SAI_PORT_ATTR_ARS_PORT_LOAD_PAST_WEIGHT,sai_uint32_t,0,FALSE
SAI_PORT_ATTR_ARS_PORT_LOAD_FUTURE_WEIGHT,sai_uint32_t,0,FALSE
SAI_PORT_ATTR_POE_PORT_ID,sai_object_id_t,SAI_NULL_OBJECT_ID,FALSE
SAI_PORT_ATTR_JSON_FORMATTED_DEBUG_DATA_SIZE,sai_uint32_t,0,FALSE
SAI_PORT_ATTR_UNRELIABLE_LOS,bool,FALSE,FALSE
SAI_PORT_ATTR_ERROR_STATUS,sai_port_error_status_t,SAI_PORT_ERROR_STATUS_CLEAR,FALSE
SAI_PORT_ATTR_STATS_COUNT_MODE,sai_stats_count_mode_t,SAI_STATS_COUNT_MODE_PACKET_AND_BYTE,FALSE
SAI_PORT_ATTR_SELECTIVE_COUNTER_LIST,sai_object_list_t,empty,FALSE
SAI_PORT_ATTR_PORT_STAT_EXTENDED,sai_object_list_t,empty list,FALSE
SAI_PORT_ATTR_PAM4_EYE_VALUES,sai_port_pam4_eye_values_list_t,empty list,FALSE
SAI_PORT_ATTR_FAST_LINKUP_ENABLED,bool,FALSE,FALSE
SAI_PORT_ATTR_SERDES_FW_REVISION,sai_s8_list_t,empty list,FALSE
SAI_PORT_ATTR_PRBS_PER_LANE_LOCK_STATUS_LIST,sai_port_lane_latch_status_list_t,empty list,FALSE
SAI_PORT_ATTR_PRBS_PER_LANE_RX_STATUS_LIST,sai_prbs_per_lane_rx_status_list_t,empty list,FALSE
SAI_PORT_ATTR_PRBS_PER_LANE_RX_STATE_LIST,sai_prbs_per_lane_rx_state_list_t,empty list,FALSE
SAI_PORT_ATTR_PRBS_PER_LANE_BER_LIST,sai_prbs_per_lane_bit_error_rate_list_t,empty list,FALSE
SAI_PORT_ATTR_EXTENSIONS_RANGE_BASE,NA,,FALSE
SAI_PORT_POOL_ATTR_PORT_ID,sai_object_id_t,SAI_NULL_OBJECT_ID,TRUE
SAI_PORT_POOL_ATTR_BUFFER_POOL_ID,sai_object_id_t,SAI_NULL_OBJECT_ID,TRUE
SAI_PORT_POOL_ATTR_QOS_WRED_PROFILE_ID,sai_object_id_t,SAI_NULL_OBJECT_ID,FALSE
SAI_PORT_SERDES_ATTR_PORT_ID,sai_object_id_t,SAI_NULL_OBJECT_ID,TRUE
SAI_PORT_SERDES_ATTR_PREEMPHASIS,sai_s32_list_t,internal,FALSE
SAI_PORT_SERDES_ATTR_IDRIVER,sai_s32_list_t,internal,FALSE
SAI_PORT_SERDES_ATTR_IPREDRIVER,sai_s32_list_t,internal,FALSE
SAI_PORT_SERDES_ATTR_TX_FIR_PRE1,sai_s32_list_t,internal,FALSE
SAI_PORT_SERDES_ATTR_TX_FIR_PRE2,sai_s32_list_t,internal,FALSE
SAI_PORT_SERDES_ATTR_TX_FIR_PRE3,sai_s32_list_t,internal,FALSE
SAI_PORT_SERDES_ATTR_TX_FIR_MAIN,sai_s32_list_t,internal,FALSE
SAI_PORT_SERDES_ATTR_TX_FIR_POST1,sai_s32_list_t,internal,FALSE
SAI_PORT_SERDES_ATTR_TX_FIR_POST2,sai_s32_list_t,internal,FALSE
SAI_PORT_SERDES_ATTR_TX_FIR_POST3,sai_s32_list_t,internal,FALSE
SAI_PORT_SERDES_ATTR_TX_FIR_ATTN,sai_s32_list_t,internal,FALSE
SAI_PORT_SERDES_ATTR_TX_PAM4_RATIO,sai_s32_list_t,internal,FALSE
SAI_PORT_SERDES_ATTR_TX_OUT_COMMON_MODE,sai_s32_list_t,internal,FALSE
SAI_PORT_SERDES_ATTR_TX_PMOS_COMMON_MODE,sai_s32_list_t,internal,FALSE
SAI_PORT_SERDES_ATTR_TX_NMOS_COMMON_MODE,sai_s32_list_t,internal,FALSE
SAI_PORT_SERDES_ATTR_TX_PMOS_VLTG_REG,sai_s32_list_t,internal,FALSE
SAI_PORT_SERDES_ATTR_TX_NMOS_VLTG_REG,sai_s32_list_t,internal,FALSE
SAI_PORT_SERDES_ATTR_TX_PRECODING,sai_s32_list_t,internal,FALSE
SAI_PORT_SERDES_ATTR_RX_PRECODING,sai_s32_list_t,internal,FALSE
SAI_PORT_SERDES_ATTR_CUSTOM_COLLECTION,sai_json_t,internal,FALSE
SAI_PORT_SERDES_ATTR_TX_NLC_PERCENTAGE,sai_u32_list_t,internal,FALSE
SAI_PORT_SERDES_ATTR_TX_NLC_LOWER_EYE_PERCENTAGE,sai_u32_list_t,internal,FALSE
SAI_PORT_SERDES_ATTR_RX_ECD_MLSE_STATE,sai_s32_list_t sai_port_serdes_rx_ecd_mlse_state_t,empty,FALSE
SAI_PORT_SERDES_ATTR_TX_POLARITY,sai_s32_list_t sai_port_serdes_polarity_t,internal,FALSE
SAI_PORT_SERDES_ATTR_RX_POLARITY,sai_s32_list_t sai_port_serdes_polarity_t,internal,FALSE
SAI_PORT_SERDES_ATTR_RX_FFE_COUNT,sai_uint32_t,0,FALSE
SAI_PORT_SERDES_ATTR_TX_FIR_COUNT,sai_uint32_t,0,FALSE
SAI_PORT_SERDES_ATTR_RX_DFE_COUNT,sai_uint32_t,0,FALSE
SAI_PORT_SERDES_ATTR_RX_FFE_TAPS_LIST,sai_taps_list_t,internal,FALSE
SAI_PORT_SERDES_ATTR_TX_FIR_TAPS_LIST,sai_taps_list_t,internal,FALSE
SAI_PORT_SERDES_ATTR_RX_DFE_TAPS_LIST,sai_taps_list_t,internal,FALSE
SAI_PORT_SERDES_ATTR_RX_VGA,sai_u32_list_t,internal,FALSE
SAI_PORT_CONNECTOR_ATTR_SYSTEM_SIDE_PORT_ID,sai_object_id_t,SAI_NULL_OBJECT_ID,TRUE
SAI_PORT_CONNECTOR_ATTR_LINE_SIDE_PORT_ID,sai_object_id_t,SAI_NULL_OBJECT_ID,TRUE
SAI_PORT_CONNECTOR_ATTR_SYSTEM_SIDE_FAILOVER_PORT_ID,sai_object_id_t,SAI_NULL_OBJECT_ID,FALSE
SAI_PORT_CONNECTOR_ATTR_LINE_SIDE_FAILOVER_PORT_ID,sai_object_id_t,SAI_NULL_OBJECT_ID,FALSE
SAI_PORT_CONNECTOR_ATTR_FAILOVER_MODE,sai_port_connector_failover_mode_t,SAI_PORT_CONNECTOR_FAILOVER_MODE_DISABLE,FALSE
SAI_PREFIX_COMPRESSION_TABLE_ATTR_LABEL,char,"""""",FALSE
SAI_PREFIX_COMPRESSION_TABLE_ATTR_PREFIX_COMPRESSION_STAGE,sai_prefix_compression_stage_t,SAI_PREFIX_COMPRESSION_STAGE_INGRESS,TRUE
SAI_PREFIX_COMPRESSION_TABLE_ATTR_PREFIX_COMPRESSION_TYPE,sai_prefix_compression_type_t,SAI_PREFIX_COMPRESSION_TYPE_BOTH,TRUE
SAI_PREFIX_COMPRESSION_ENTRY_ATTR_META,sai_uint32_t,0,TRUE
SAI_QOS_MAP_ATTR_TYPE,sai_qos_map_type_t,SAI_QOS_MAP_TYPE_DOT1P_TO_TC,TRUE
SAI_QOS_MAP_ATTR_MAP_TO_VALUE_LIST,sai_qos_map_list_t,empty list,TRUE
SAI_QUEUE_ATTR_TYPE,sai_queue_type_t,SAI_QUEUE_TYPE_ALL,TRUE
SAI_QUEUE_ATTR_PORT,sai_object_id_t,SAI_NULL_OBJECT_ID,TRUE
SAI_QUEUE_ATTR_INDEX,sai_uint8_t,0,TRUE
SAI_QUEUE_ATTR_PARENT_SCHEDULER_NODE,sai_object_id_t,SAI_NULL_OBJECT_ID,TRUE
SAI_QUEUE_ATTR_WRED_PROFILE_ID,sai_object_id_t,SAI_NULL_OBJECT_ID,FALSE
SAI_QUEUE_ATTR_BUFFER_PROFILE_ID,sai_object_id_t,SAI_NULL_OBJECT_ID,FALSE
SAI_QUEUE_ATTR_SCHEDULER_PROFILE_ID,sai_object_id_t,SAI_NULL_OBJECT_ID,FALSE
SAI_QUEUE_ATTR_PAUSE_STATUS,bool,FALSE,FALSE
SAI_QUEUE_ATTR_ENABLE_PFC_DLDR,bool,FALSE,FALSE
SAI_QUEUE_ATTR_PFC_DLR_INIT,bool,FALSE,FALSE
SAI_QUEUE_ATTR_TAM_OBJECT,sai_object_list_t,empty,FALSE
SAI_QUEUE_ATTR_PFC_DLR_PACKET_ACTION,sai_packet_action_t,SAI_PACKET_ACTION_DROP,FALSE
SAI_QUEUE_ATTR_PFC_CONTINUOUS_DEADLOCK_STATE,sai_queue_pfc_continuous_deadlock_state_t,SAI_QUEUE_PFC_CONTINUOUS_DEADLOCK_STATE_NOT_PAUSED,FALSE
SAI_QUEUE_ATTR_STATS_COUNT_MODE,sai_stats_count_mode_t,SAI_STATS_COUNT_MODE_PACKET_AND_BYTE,FALSE
SAI_QUEUE_ATTR_SELECTIVE_COUNTER_LIST,sai_object_list_t,empty,FALSE
SAI_ROUTE_ENTRY_ATTR_PACKET_ACTION,sai_packet_action_t,SAI_PACKET_ACTION_FORWARD,FALSE
SAI_ROUTE_ENTRY_ATTR_USER_TRAP_ID,sai_object_id_t,SAI_NULL_OBJECT_ID,FALSE
SAI_ROUTE_ENTRY_ATTR_NEXT_HOP_ID,sai_object_id_t,SAI_NULL_OBJECT_ID,FALSE
SAI_ROUTE_ENTRY_ATTR_META_DATA,sai_uint32_t,0,FALSE
SAI_ROUTE_ENTRY_ATTR_IP_ADDR_FAMILY,sai_ip_addr_family_t,SAI_IP_ADDR_FAMILY_IPV4,FALSE
SAI_ROUTE_ENTRY_ATTR_COUNTER_ID,sai_object_id_t,SAI_NULL_OBJECT_ID,FALSE
SAI_ROUTE_ENTRY_ATTR_PREFIX_AGG_ID,sai_uint32_t,0,FALSE
SAI_ROUTER_INTERFACE_ATTR_VIRTUAL_ROUTER_ID,sai_object_id_t,SAI_NULL_OBJECT_ID,TRUE
SAI_ROUTER_INTERFACE_ATTR_TYPE,sai_router_interface_type_t,SAI_ROUTER_INTERFACE_TYPE_PORT,TRUE
SAI_ROUTER_INTERFACE_ATTR_PORT_ID,sai_object_id_t,SAI_NULL_OBJECT_ID,TRUE
SAI_ROUTER_INTERFACE_ATTR_VLAN_ID,sai_object_id_t,SAI_NULL_OBJECT_ID,TRUE
SAI_ROUTER_INTERFACE_ATTR_OUTER_VLAN_ID,sai_uint16_t,0,TRUE
SAI_ROUTER_INTERFACE_ATTR_INNER_VLAN_ID,sai_uint16_t,0,TRUE
SAI_ROUTER_INTERFACE_ATTR_BRIDGE_ID,sai_object_id_t,SAI_NULL_OBJECT_ID,TRUE
SAI_ROUTER_INTERFACE_ATTR_SRC_MAC_ADDRESS,sai_mac_t,attrvalue SAI_VIRTUAL_ROUTER_ATTR_SRC_MAC_ADDRESS,FALSE
SAI_ROUTER_INTERFACE_ATTR_ADMIN_V4_STATE,bool,TRUE,FALSE
SAI_ROUTER_INTERFACE_ATTR_ADMIN_V6_STATE,bool,TRUE,FALSE
SAI_ROUTER_INTERFACE_ATTR_MTU,sai_uint32_t,1514,FALSE
SAI_ROUTER_INTERFACE_ATTR_INGRESS_ACL,sai_object_id_t,SAI_NULL_OBJECT_ID,FALSE
SAI_ROUTER_INTERFACE_ATTR_EGRESS_ACL,sai_object_id_t,SAI_NULL_OBJECT_ID,FALSE
SAI_ROUTER_INTERFACE_ATTR_NEIGHBOR_MISS_PACKET_ACTION,sai_packet_action_t,SAI_PACKET_ACTION_TRAP,FALSE
SAI_ROUTER_INTERFACE_ATTR_V4_MCAST_ENABLE,bool,FALSE,FALSE
SAI_ROUTER_INTERFACE_ATTR_V6_MCAST_ENABLE,bool,FALSE,FALSE
SAI_ROUTER_INTERFACE_ATTR_LOOPBACK_PACKET_ACTION,sai_packet_action_t,SAI_PACKET_ACTION_FORWARD,FALSE
SAI_ROUTER_INTERFACE_ATTR_IS_VIRTUAL,bool,FALSE,FALSE
SAI_ROUTER_INTERFACE_ATTR_NAT_ZONE_ID,sai_uint8_t,0,FALSE
SAI_ROUTER_INTERFACE_ATTR_DISABLE_DECREMENT_TTL,bool,FALSE,FALSE
SAI_ROUTER_INTERFACE_ATTR_ADMIN_MPLS_STATE,bool,FALSE,FALSE
SAI_ROUTER_INTERFACE_ATTR_STATS_COUNT_MODE,sai_stats_count_mode_t,SAI_STATS_COUNT_MODE_PACKET_AND_BYTE,FALSE
SAI_ROUTER_INTERFACE_ATTR_SELECTIVE_COUNTER_LIST,sai_object_list_t,empty,FALSE
SAI_ROUTER_INTERFACE_ATTR_LABEL,char,"""""",FALSE
SAI_ROUTER_INTERFACE_ATTR_MY_MAC,sai_object_id_t,SAI_NULL_OBJECT_ID,FALSE
SAI_RPF_GROUP_ATTR_RPF_INTERFACE_COUNT,sai_uint32_t,0,FALSE
SAI_RPF_GROUP_ATTR_RPF_MEMBER_LIST,sai_object_list_t,empty list,FALSE
SAI_RPF_GROUP_MEMBER_ATTR_RPF_GROUP_ID,sai_object_id_t,SAI_NULL_OBJECT_ID,TRUE
SAI_RPF_GROUP_MEMBER_ATTR_RPF_INTERFACE_ID,sai_object_id_t,SAI_NULL_OBJECT_ID,TRUE
SAI_SAMPLEPACKET_ATTR_SAMPLE_RATE,sai_uint32_t,0,TRUE
SAI_SAMPLEPACKET_ATTR_TYPE,sai_samplepacket_type_t,SAI_SAMPLEPACKET_TYPE_SLOW_PATH,FALSE
SAI_SAMPLEPACKET_ATTR_MODE,sai_samplepacket_mode_t,SAI_SAMPLEPACKET_MODE_EXCLUSIVE,FALSE
SAI_SAMPLEPACKET_ATTR_TRUNCATE_ENABLE,bool,FALSE,FALSE
SAI_SAMPLEPACKET_ATTR_TRUNCATE_SIZE,sai_uint32_t,internal,FALSE
SAI_SCHEDULER_ATTR_SCHEDULING_TYPE,sai_scheduling_type_t,SAI_SCHEDULING_TYPE_WRR,FALSE
SAI_SCHEDULER_ATTR_SCHEDULING_WEIGHT,sai_uint8_t,1,FALSE
SAI_SCHEDULER_ATTR_METER_TYPE,sai_meter_type_t,SAI_METER_TYPE_BYTES,FALSE
SAI_SCHEDULER_ATTR_MIN_BANDWIDTH_RATE,sai_uint64_t,0,FALSE
SAI_SCHEDULER_ATTR_MIN_BANDWIDTH_BURST_RATE,sai_uint64_t,0,FALSE
SAI_SCHEDULER_ATTR_MAX_BANDWIDTH_RATE,sai_uint64_t,0,FALSE
SAI_SCHEDULER_ATTR_MAX_BANDWIDTH_BURST_RATE,sai_uint64_t,0,FALSE
SAI_SCHEDULER_ATTR_LABEL,char,"""""",FALSE
SAI_SCHEDULER_GROUP_ATTR_CHILD_COUNT,sai_uint32_t,0,FALSE
SAI_SCHEDULER_GROUP_ATTR_CHILD_LIST,sai_object_list_t,empty list,FALSE
SAI_SCHEDULER_GROUP_ATTR_PORT_ID,sai_object_id_t,SAI_NULL_OBJECT_ID,TRUE
SAI_SCHEDULER_GROUP_ATTR_LEVEL,sai_uint8_t,0,TRUE
SAI_SCHEDULER_GROUP_ATTR_MAX_CHILDS,sai_uint8_t,0,TRUE
SAI_SCHEDULER_GROUP_ATTR_SCHEDULER_PROFILE_ID,sai_object_id_t,SAI_NULL_OBJECT_ID,FALSE
SAI_SCHEDULER_GROUP_ATTR_PARENT_NODE,sai_object_id_t,SAI_NULL_OBJECT_ID,TRUE
SAI_SRV6_SIDLIST_ATTR_TYPE,sai_srv6_sidlist_type_t,SAI_SRV6_SIDLIST_TYPE_INSERT,TRUE
SAI_SRV6_SIDLIST_ATTR_TLV_LIST,sai_tlv_list_t,empty,FALSE
SAI_SRV6_SIDLIST_ATTR_SEGMENT_LIST,sai_segment_list_t,empty,FALSE
SAI_SRV6_SIDLIST_ATTR_NEXT_HOP_ID,sai_object_id_t,SAI_NULL_OBJECT_ID,FALSE
SAI_SRV6_SIDLIST_ATTR_STATS_COUNT_MODE,sai_stats_count_mode_t,SAI_STATS_COUNT_MODE_PACKET_AND_BYTE,FALSE
SAI_SRV6_SIDLIST_ATTR_SELECTIVE_COUNTER_LIST,sai_object_list_t,empty,FALSE
SAI_MY_SID_ENTRY_ATTR_ENDPOINT_BEHAVIOR,sai_my_sid_entry_endpoint_behavior_t,SAI_MY_SID_ENTRY_ENDPOINT_BEHAVIOR_E,TRUE
SAI_MY_SID_ENTRY_ATTR_ENDPOINT_BEHAVIOR_FLAVOR,sai_my_sid_entry_endpoint_behavior_flavor_t,SAI_MY_SID_ENTRY_ENDPOINT_BEHAVIOR_FLAVOR_NONE,FALSE
SAI_MY_SID_ENTRY_ATTR_PACKET_ACTION,sai_packet_action_t,SAI_PACKET_ACTION_FORWARD,FALSE
SAI_MY_SID_ENTRY_ATTR_TRAP_PRIORITY,sai_uint8_t,0,FALSE
SAI_MY_SID_ENTRY_ATTR_NEXT_HOP_ID,sai_object_id_t,SAI_NULL_OBJECT_ID,FALSE
SAI_MY_SID_ENTRY_ATTR_TUNNEL_ID,sai_object_id_t,SAI_NULL_OBJECT_ID,FALSE
SAI_MY_SID_ENTRY_ATTR_VRF,sai_object_id_t,SAI_NULL_OBJECT_ID,FALSE
SAI_MY_SID_ENTRY_ATTR_COUNTER_ID,sai_object_id_t,SAI_NULL_OBJECT_ID,FALSE
SAI_STP_ATTR_VLAN_LIST,sai_vlan_list_t,empty list,FALSE
SAI_STP_ATTR_BRIDGE_ID,sai_object_id_t,SAI_NULL_OBJECT_ID,FALSE
SAI_STP_ATTR_PORT_LIST,sai_object_list_t,empty list,FALSE
SAI_STP_PORT_ATTR_STP,sai_object_id_t,SAI_NULL_OBJECT_ID,TRUE
SAI_STP_PORT_ATTR_BRIDGE_PORT,sai_object_id_t,SAI_NULL_OBJECT_ID,TRUE
SAI_STP_PORT_ATTR_STATE,sai_stp_port_state_t,SAI_STP_PORT_STATE_LEARNING,TRUE
SAI_SWITCH_TUNNEL_ATTR_TUNNEL_TYPE,sai_tunnel_type_t,SAI_TUNNEL_TYPE_IPINIP,TRUE
SAI_SWITCH_TUNNEL_ATTR_LOOPBACK_PACKET_ACTION,sai_packet_action_t,SAI_PACKET_ACTION_FORWARD,FALSE
SAI_SWITCH_TUNNEL_ATTR_TUNNEL_ENCAP_ECN_MODE,sai_tunnel_encap_ecn_mode_t,SAI_TUNNEL_ENCAP_ECN_MODE_STANDARD,FALSE
SAI_SWITCH_TUNNEL_ATTR_ENCAP_MAPPERS,sai_object_list_t,empty,FALSE
SAI_SWITCH_TUNNEL_ATTR_TUNNEL_DECAP_ECN_MODE,sai_tunnel_decap_ecn_mode_t,SAI_TUNNEL_DECAP_ECN_MODE_STANDARD,FALSE
SAI_SWITCH_TUNNEL_ATTR_DECAP_MAPPERS,sai_object_list_t,empty,FALSE
SAI_SWITCH_TUNNEL_ATTR_TUNNEL_VXLAN_UDP_SPORT_MODE,sai_tunnel_vxlan_udp_sport_mode_t,SAI_TUNNEL_VXLAN_UDP_SPORT_MODE_EPHEMERAL,FALSE
SAI_SWITCH_TUNNEL_ATTR_VXLAN_UDP_SPORT,sai_uint16_t,0,FALSE
SAI_SWITCH_TUNNEL_ATTR_VXLAN_UDP_SPORT_MASK,sai_uint8_t,0,FALSE
SAI_SWITCH_TUNNEL_ATTR_ENCAP_QOS_TC_AND_COLOR_TO_DSCP_MAP,sai_object_id_t,SAI_NULL_OBJECT_ID,FALSE
SAI_SWITCH_TUNNEL_ATTR_ENCAP_QOS_TC_TO_QUEUE_MAP,sai_object_id_t,SAI_NULL_OBJECT_ID,FALSE
SAI_SWITCH_TUNNEL_ATTR_DECAP_QOS_DSCP_TO_TC_MAP,sai_object_id_t,SAI_NULL_OBJECT_ID,FALSE
SAI_SWITCH_TUNNEL_ATTR_DECAP_QOS_TC_TO_PRIORITY_GROUP_MAP,sai_object_id_t,SAI_NULL_OBJECT_ID,FALSE
SAI_SWITCH_TUNNEL_ATTR_VXLAN_UDP_SPORT_SECURITY,bool,FALSE,FALSE
SAI_SWITCH_ATTR_NUMBER_OF_ACTIVE_PORTS,sai_uint32_t,0,FALSE
SAI_SWITCH_ATTR_PORT_NUMBER,sai_uint32_t,0,FALSE
SAI_SWITCH_ATTR_MAX_NUMBER_OF_SUPPORTED_PORTS,sai_uint32_t,0,FALSE
SAI_SWITCH_ATTR_PORT_LIST,sai_object_list_t,internal,FALSE
SAI_SWITCH_ATTR_PORT_MAX_MTU,sai_uint32_t,0,FALSE
SAI_SWITCH_ATTR_CPU_PORT,sai_object_id_t,internal,FALSE
SAI_SWITCH_ATTR_MAX_VIRTUAL_ROUTERS,sai_uint32_t,0,FALSE
SAI_SWITCH_ATTR_FDB_TABLE_SIZE,sai_uint32_t,0,FALSE
SAI_SWITCH_ATTR_L3_NEIGHBOR_TABLE_SIZE,sai_uint32_t,0,FALSE
SAI_SWITCH_ATTR_L3_ROUTE_TABLE_SIZE,sai_uint32_t,0,FALSE
SAI_SWITCH_ATTR_LAG_MEMBERS,sai_uint32_t,0,FALSE
SAI_SWITCH_ATTR_NUMBER_OF_LAGS,sai_uint32_t,0,FALSE
SAI_SWITCH_ATTR_ECMP_MEMBERS,sai_uint32_t,0,FALSE
SAI_SWITCH_ATTR_NUMBER_OF_ECMP_GROUPS,sai_uint32_t,0,FALSE
SAI_SWITCH_ATTR_NUMBER_OF_UNICAST_QUEUES,sai_uint32_t,0,FALSE
SAI_SWITCH_ATTR_NUMBER_OF_MULTICAST_QUEUES,sai_uint32_t,0,FALSE
SAI_SWITCH_ATTR_NUMBER_OF_QUEUES,sai_uint32_t,0,FALSE
SAI_SWITCH_ATTR_NUMBER_OF_CPU_QUEUES,sai_uint32_t,0,FALSE
SAI_SWITCH_ATTR_ON_LINK_ROUTE_SUPPORTED,bool,FALSE,FALSE
SAI_SWITCH_ATTR_OPER_STATUS,sai_switch_oper_status_t,SAI_SWITCH_OPER_STATUS_UNKNOWN,FALSE
SAI_SWITCH_ATTR_MAX_NUMBER_OF_TEMP_SENSORS,sai_uint8_t,0,FALSE
SAI_SWITCH_ATTR_TEMP_LIST,sai_s32_list_t,empty list,FALSE
SAI_SWITCH_ATTR_MAX_TEMP,sai_int32_t,0,FALSE
SAI_SWITCH_ATTR_AVERAGE_TEMP,sai_int32_t,0,FALSE
SAI_SWITCH_ATTR_ACL_TABLE_MINIMUM_PRIORITY,sai_uint32_t,0,FALSE
SAI_SWITCH_ATTR_ACL_TABLE_MAXIMUM_PRIORITY,sai_uint32_t,0,FALSE
SAI_SWITCH_ATTR_ACL_ENTRY_MINIMUM_PRIORITY,sai_uint32_t,0,FALSE
SAI_SWITCH_ATTR_ACL_ENTRY_MAXIMUM_PRIORITY,sai_uint32_t,0,FALSE
SAI_SWITCH_ATTR_ACL_TABLE_GROUP_MINIMUM_PRIORITY,sai_uint32_t,0,FALSE
SAI_SWITCH_ATTR_ACL_TABLE_GROUP_MAXIMUM_PRIORITY,sai_uint32_t,0,FALSE
SAI_SWITCH_ATTR_FDB_DST_USER_META_DATA_RANGE,sai_u32_range_t,0-0,FALSE
SAI_SWITCH_ATTR_ROUTE_DST_USER_META_DATA_RANGE,sai_u32_range_t,0-0,FALSE
SAI_SWITCH_ATTR_NEIGHBOR_DST_USER_META_DATA_RANGE,sai_u32_range_t,0-0,FALSE
SAI_SWITCH_ATTR_PORT_USER_META_DATA_RANGE,sai_u32_range_t,0-0,FALSE
SAI_SWITCH_ATTR_VLAN_USER_META_DATA_RANGE,sai_u32_range_t,0-0,FALSE
SAI_SWITCH_ATTR_ACL_USER_META_DATA_RANGE,sai_u32_range_t,0-0,FALSE
SAI_SWITCH_ATTR_ACL_USER_TRAP_ID_RANGE,sai_u32_range_t,0-0,FALSE
SAI_SWITCH_ATTR_DEFAULT_VLAN_ID,sai_object_id_t,internal,FALSE
SAI_SWITCH_ATTR_DEFAULT_STP_INST_ID,sai_object_id_t,internal,FALSE
SAI_SWITCH_ATTR_MAX_STP_INSTANCE,sai_uint32_t,0,FALSE
SAI_SWITCH_ATTR_DEFAULT_VIRTUAL_ROUTER_ID,sai_object_id_t,internal,FALSE
SAI_SWITCH_ATTR_DEFAULT_OVERRIDE_VIRTUAL_ROUTER_ID,sai_object_id_t,internal,FALSE
SAI_SWITCH_ATTR_DEFAULT_1Q_BRIDGE_ID,sai_object_id_t,internal,FALSE
SAI_SWITCH_ATTR_INGRESS_ACL,sai_object_id_t,SAI_NULL_OBJECT_ID,FALSE
SAI_SWITCH_ATTR_EGRESS_ACL,sai_object_id_t,SAI_NULL_OBJECT_ID,FALSE
SAI_SWITCH_ATTR_QOS_MAX_NUMBER_OF_TRAFFIC_CLASSES,sai_uint8_t,0,FALSE
SAI_SWITCH_ATTR_QOS_MAX_NUMBER_OF_SCHEDULER_GROUP_HIERARCHY_LEVELS,sai_uint32_t,0,FALSE
SAI_SWITCH_ATTR_QOS_MAX_NUMBER_OF_SCHEDULER_GROUPS_PER_HIERARCHY_LEVEL,sai_u32_list_t,empty list,FALSE
SAI_SWITCH_ATTR_QOS_MAX_NUMBER_OF_CHILDS_PER_SCHEDULER_GROUP,sai_uint32_t,0,FALSE
SAI_SWITCH_ATTR_TOTAL_BUFFER_SIZE,sai_uint64_t,0,FALSE
SAI_SWITCH_ATTR_INGRESS_BUFFER_POOL_NUM,sai_uint32_t,0,FALSE
SAI_SWITCH_ATTR_EGRESS_BUFFER_POOL_NUM,sai_uint32_t,0,FALSE
SAI_SWITCH_ATTR_AVAILABLE_IPV4_ROUTE_ENTRY,sai_uint32_t,0,FALSE
SAI_SWITCH_ATTR_AVAILABLE_IPV6_ROUTE_ENTRY,sai_uint32_t,0,FALSE
SAI_SWITCH_ATTR_AVAILABLE_IPV4_NEXTHOP_ENTRY,sai_uint32_t,0,FALSE
SAI_SWITCH_ATTR_AVAILABLE_IPV6_NEXTHOP_ENTRY,sai_uint32_t,0,FALSE
SAI_SWITCH_ATTR_AVAILABLE_IPV4_NEIGHBOR_ENTRY,sai_uint32_t,0,FALSE
SAI_SWITCH_ATTR_AVAILABLE_IPV6_NEIGHBOR_ENTRY,sai_uint32_t,0,FALSE
SAI_SWITCH_ATTR_AVAILABLE_NEXT_HOP_GROUP_ENTRY,sai_uint32_t,0,FALSE
SAI_SWITCH_ATTR_AVAILABLE_NEXT_HOP_GROUP_MEMBER_ENTRY,sai_uint32_t,0,FALSE
SAI_SWITCH_ATTR_AVAILABLE_FDB_ENTRY,sai_uint32_t,0,FALSE
SAI_SWITCH_ATTR_AVAILABLE_L2MC_ENTRY,sai_uint32_t,0,FALSE
SAI_SWITCH_ATTR_AVAILABLE_IPMC_ENTRY,sai_uint32_t,0,FALSE
SAI_SWITCH_ATTR_AVAILABLE_SNAT_ENTRY,sai_uint32_t,0,FALSE
SAI_SWITCH_ATTR_AVAILABLE_DNAT_ENTRY,sai_uint32_t,0,FALSE
SAI_SWITCH_ATTR_AVAILABLE_DOUBLE_NAT_ENTRY,sai_uint32_t,0,FALSE
SAI_SWITCH_ATTR_AVAILABLE_ACL_TABLE,sai_acl_resource_list_t,empty list,FALSE
SAI_SWITCH_ATTR_AVAILABLE_ACL_TABLE_GROUP,sai_acl_resource_list_t,empty list,FALSE
SAI_SWITCH_ATTR_AVAILABLE_MY_SID_ENTRY,sai_uint32_t,0,FALSE
SAI_SWITCH_ATTR_DEFAULT_TRAP_GROUP,sai_object_id_t,internal,FALSE
SAI_SWITCH_ATTR_ECMP_HASH,sai_object_id_t,internal,FALSE
SAI_SWITCH_ATTR_LAG_HASH,sai_object_id_t,internal,FALSE
SAI_SWITCH_ATTR_RESTART_WARM,bool,FALSE,FALSE
SAI_SWITCH_ATTR_WARM_RECOVER,bool,FALSE,FALSE
SAI_SWITCH_ATTR_RESTART_TYPE,sai_switch_restart_type_t,SAI_SWITCH_RESTART_TYPE_NONE,FALSE
SAI_SWITCH_ATTR_MIN_PLANNED_RESTART_INTERVAL,sai_uint32_t,0,FALSE
SAI_SWITCH_ATTR_NV_STORAGE_SIZE,sai_uint64_t,0,FALSE
SAI_SWITCH_ATTR_MAX_ACL_ACTION_COUNT,sai_uint32_t,0,FALSE
SAI_SWITCH_ATTR_MAX_ACL_RANGE_COUNT,sai_uint32_t,0,FALSE
SAI_SWITCH_ATTR_ACL_CAPABILITY,sai_acl_capability_t,zeroed structure,FALSE
SAI_SWITCH_ATTR_MCAST_SNOOPING_CAPABILITY,sai_switch_mcast_snooping_capability_t,SAI_SWITCH_MCAST_SNOOPING_CAPABILITY_NONE,FALSE
SAI_SWITCH_ATTR_SWITCHING_MODE,sai_switch_switching_mode_t,SAI_SWITCH_SWITCHING_MODE_STORE_AND_FORWARD,FALSE
SAI_SWITCH_ATTR_BCAST_CPU_FLOOD_ENABLE,bool,FALSE,FALSE
SAI_SWITCH_ATTR_MCAST_CPU_FLOOD_ENABLE,bool,FALSE,FALSE
SAI_SWITCH_ATTR_SRC_MAC_ADDRESS,sai_mac_t,vendor,FALSE
SAI_SWITCH_ATTR_MAX_LEARNED_ADDRESSES,sai_uint32_t,0,FALSE
SAI_SWITCH_ATTR_FDB_AGING_TIME,sai_uint32_t,0,FALSE
SAI_SWITCH_ATTR_FDB_UNICAST_MISS_PACKET_ACTION,sai_packet_action_t,SAI_PACKET_ACTION_FORWARD,FALSE
SAI_SWITCH_ATTR_FDB_BROADCAST_MISS_PACKET_ACTION,sai_packet_action_t,SAI_PACKET_ACTION_FORWARD,FALSE
SAI_SWITCH_ATTR_FDB_MULTICAST_MISS_PACKET_ACTION,sai_packet_action_t,SAI_PACKET_ACTION_FORWARD,FALSE
SAI_SWITCH_ATTR_ECMP_DEFAULT_HASH_ALGORITHM,sai_hash_algorithm_t,SAI_HASH_ALGORITHM_CRC,FALSE
SAI_SWITCH_ATTR_ECMP_DEFAULT_HASH_SEED,sai_uint32_t,0,FALSE
SAI_SWITCH_ATTR_ECMP_DEFAULT_HASH_OFFSET,sai_uint8_t,0,FALSE
SAI_SWITCH_ATTR_ECMP_DEFAULT_SYMMETRIC_HASH,bool,FALSE,FALSE
SAI_SWITCH_ATTR_ECMP_HASH_IPV4,sai_object_id_t,SAI_NULL_OBJECT_ID,FALSE
SAI_SWITCH_ATTR_ECMP_HASH_IPV4_IN_IPV4,sai_object_id_t,SAI_NULL_OBJECT_ID,FALSE
SAI_SWITCH_ATTR_ECMP_HASH_IPV6,sai_object_id_t,SAI_NULL_OBJECT_ID,FALSE
SAI_SWITCH_ATTR_LAG_DEFAULT_HASH_ALGORITHM,sai_hash_algorithm_t,SAI_HASH_ALGORITHM_CRC,FALSE
SAI_SWITCH_ATTR_LAG_DEFAULT_HASH_SEED,sai_uint32_t,0,FALSE
SAI_SWITCH_ATTR_LAG_DEFAULT_HASH_OFFSET,sai_uint8_t,0,FALSE
SAI_SWITCH_ATTR_LAG_DEFAULT_SYMMETRIC_HASH,bool,FALSE,FALSE
SAI_SWITCH_ATTR_LAG_HASH_IPV4,sai_object_id_t,SAI_NULL_OBJECT_ID,FALSE
SAI_SWITCH_ATTR_LAG_HASH_IPV4_IN_IPV4,sai_object_id_t,SAI_NULL_OBJECT_ID,FALSE
SAI_SWITCH_ATTR_LAG_HASH_IPV6,sai_object_id_t,SAI_NULL_OBJECT_ID,FALSE
SAI_SWITCH_ATTR_COUNTER_REFRESH_INTERVAL,sai_uint32_t,1,FALSE
SAI_SWITCH_ATTR_QOS_DEFAULT_TC,sai_uint8_t,0,FALSE
SAI_SWITCH_ATTR_QOS_DOT1P_TO_TC_MAP,sai_object_id_t,SAI_NULL_OBJECT_ID,FALSE
SAI_SWITCH_ATTR_QOS_DOT1P_TO_COLOR_MAP,sai_object_id_t,SAI_NULL_OBJECT_ID,FALSE
SAI_SWITCH_ATTR_QOS_DSCP_TO_TC_MAP,sai_object_id_t,SAI_NULL_OBJECT_ID,FALSE
SAI_SWITCH_ATTR_QOS_DSCP_TO_COLOR_MAP,sai_object_id_t,SAI_NULL_OBJECT_ID,FALSE
SAI_SWITCH_ATTR_QOS_TC_TO_QUEUE_MAP,sai_object_id_t,SAI_NULL_OBJECT_ID,FALSE
SAI_SWITCH_ATTR_QOS_TC_AND_COLOR_TO_DOT1P_MAP,sai_object_id_t,SAI_NULL_OBJECT_ID,FALSE
SAI_SWITCH_ATTR_QOS_TC_AND_COLOR_TO_DSCP_MAP,sai_object_id_t,SAI_NULL_OBJECT_ID,FALSE
SAI_SWITCH_ATTR_SWITCH_SHELL_ENABLE,bool,FALSE,FALSE
SAI_SWITCH_ATTR_SWITCH_PROFILE_ID,sai_uint32_t,0,FALSE
SAI_SWITCH_ATTR_SWITCH_HARDWARE_INFO,sai_s8_list_t,empty,FALSE
SAI_SWITCH_ATTR_FIRMWARE_PATH_NAME,sai_s8_list_t,empty,FALSE
SAI_SWITCH_ATTR_INIT_SWITCH,bool,FALSE,TRUE
SAI_SWITCH_ATTR_SWITCH_STATE_CHANGE_NOTIFY,sai_pointer_t sai_switch_state_change_notification_fn,NULL,FALSE
SAI_SWITCH_ATTR_SWITCH_SHUTDOWN_REQUEST_NOTIFY,sai_pointer_t sai_switch_shutdown_request_notification_fn,NULL,FALSE
SAI_SWITCH_ATTR_SHUTDOWN_REQUEST_NOTIFY,sai_pointer_t,NULL,FALSE
SAI_SWITCH_ATTR_FDB_EVENT_NOTIFY,sai_pointer_t sai_fdb_event_notification_fn,NULL,FALSE
SAI_SWITCH_ATTR_PORT_STATE_CHANGE_NOTIFY,sai_pointer_t sai_port_state_change_notification_fn,NULL,FALSE
SAI_SWITCH_ATTR_PACKET_EVENT_NOTIFY,sai_pointer_t sai_packet_event_notification_fn,NULL,FALSE
SAI_SWITCH_ATTR_FAST_API_ENABLE,bool,FALSE,FALSE
SAI_SWITCH_ATTR_MIRROR_TC,sai_uint8_t,255,FALSE
SAI_SWITCH_ATTR_ACL_STAGE_INGRESS,sai_acl_capability_t,zeroed structure,FALSE
SAI_SWITCH_ATTR_ACL_STAGE_EGRESS,sai_acl_capability_t,zeroed structure,FALSE
SAI_SWITCH_ATTR_SRV6_MAX_SID_DEPTH,sai_uint32_t,0,FALSE
SAI_SWITCH_ATTR_SRV6_TLV_TYPE,sai_s32_list_t sai_tlv_type_t,empty list,FALSE
SAI_SWITCH_ATTR_QOS_NUM_LOSSLESS_QUEUES,sai_uint32_t,0,FALSE
SAI_SWITCH_ATTR_QUEUE_PFC_DEADLOCK_NOTIFY,sai_pointer_t sai_queue_pfc_deadlock_notification_fn,NULL,FALSE
SAI_SWITCH_ATTR_PFC_DLR_PACKET_ACTION,sai_packet_action_t,SAI_PACKET_ACTION_DROP,FALSE
SAI_SWITCH_ATTR_PFC_TC_DLD_INTERVAL_RANGE,sai_u32_range_t,0-0,FALSE
SAI_SWITCH_ATTR_PFC_TC_DLD_INTERVAL,sai_map_list_t,empty,FALSE
SAI_SWITCH_ATTR_PFC_TC_DLR_INTERVAL_RANGE,sai_u32_range_t,0-0,FALSE
SAI_SWITCH_ATTR_PFC_TC_DLR_INTERVAL,sai_map_list_t,empty,FALSE
SAI_SWITCH_ATTR_SUPPORTED_PROTECTED_OBJECT_TYPE,sai_s32_list_t sai_object_type_t,empty list,FALSE
SAI_SWITCH_ATTR_TPID_OUTER_VLAN,sai_uint16_t,0x88A8,FALSE
SAI_SWITCH_ATTR_TPID_INNER_VLAN,sai_uint16_t,0x8100,FALSE
SAI_SWITCH_ATTR_CRC_CHECK_ENABLE,bool,TRUE,FALSE
SAI_SWITCH_ATTR_CRC_RECALCULATION_ENABLE,bool,TRUE,FALSE
SAI_SWITCH_ATTR_BFD_SESSION_STATE_CHANGE_NOTIFY,sai_pointer_t sai_bfd_session_state_change_notification_fn,NULL,FALSE
SAI_SWITCH_ATTR_NUMBER_OF_BFD_SESSION,sai_uint32_t,0,FALSE
SAI_SWITCH_ATTR_MAX_BFD_SESSION,sai_uint32_t,0,FALSE
SAI_SWITCH_ATTR_SUPPORTED_IPV4_BFD_SESSION_OFFLOAD_TYPE,sai_s32_list_t sai_bfd_session_offload_type_t,empty list,FALSE
SAI_SWITCH_ATTR_SUPPORTED_IPV6_BFD_SESSION_OFFLOAD_TYPE,sai_s32_list_t sai_bfd_session_offload_type_t,empty list,FALSE
SAI_SWITCH_ATTR_MIN_BFD_RX,sai_uint32_t,0,FALSE
SAI_SWITCH_ATTR_MIN_BFD_TX,sai_uint32_t,0,FALSE
SAI_SWITCH_ATTR_ECN_ECT_THRESHOLD_ENABLE,bool,FALSE,FALSE
SAI_SWITCH_ATTR_VXLAN_DEFAULT_ROUTER_MAC,sai_mac_t,vendor,FALSE
SAI_SWITCH_ATTR_VXLAN_DEFAULT_PORT,sai_uint16_t,4789,FALSE
SAI_SWITCH_ATTR_MAX_MIRROR_SESSION,sai_uint32_t,0,FALSE
SAI_SWITCH_ATTR_MAX_SAMPLED_MIRROR_SESSION,sai_uint32_t,0,FALSE
SAI_SWITCH_ATTR_SUPPORTED_EXTENDED_STATS_MODE,sai_s32_list_t sai_stats_mode_t,empty list,FALSE
SAI_SWITCH_ATTR_UNINIT_DATA_PLANE_ON_REMOVAL,bool,TRUE,FALSE
SAI_SWITCH_ATTR_TAM_OBJECT_ID,sai_object_list_t,empty,FALSE
SAI_SWITCH_ATTR_TAM_EVENT_NOTIFY,sai_pointer_t sai_tam_event_notification_fn,NULL,FALSE
SAI_SWITCH_ATTR_SUPPORTED_OBJECT_TYPE_LIST,sai_s32_list_t sai_object_type_t,empty list,FALSE
SAI_SWITCH_ATTR_PRE_SHUTDOWN,bool,FALSE,FALSE
SAI_SWITCH_ATTR_NAT_ZONE_COUNTER_OBJECT_ID,sai_object_id_t,SAI_NULL_OBJECT_ID,FALSE
SAI_SWITCH_ATTR_NAT_ENABLE,bool,FALSE,FALSE
SAI_SWITCH_ATTR_HARDWARE_ACCESS_BUS,sai_switch_hardware_access_bus_t,SAI_SWITCH_HARDWARE_ACCESS_BUS_MDIO,TRUE
SAI_SWITCH_ATTR_PLATFROM_CONTEXT,sai_uint64_t,0,TRUE
SAI_SWITCH_ATTR_REGISTER_READ,sai_pointer_t sai_switch_register_read_fn,NULL,TRUE
SAI_SWITCH_ATTR_REGISTER_WRITE,sai_pointer_t sai_switch_register_write_fn,NULL,TRUE
SAI_SWITCH_ATTR_FIRMWARE_DOWNLOAD_BROADCAST,bool,FALSE,FALSE
SAI_SWITCH_ATTR_FIRMWARE_LOAD_METHOD,sai_switch_firmware_load_method_t,SAI_SWITCH_FIRMWARE_LOAD_METHOD_INTERNAL,FALSE
SAI_SWITCH_ATTR_FIRMWARE_LOAD_TYPE,sai_switch_firmware_load_type_t,SAI_SWITCH_FIRMWARE_LOAD_TYPE_AUTO,FALSE
SAI_SWITCH_ATTR_FIRMWARE_DOWNLOAD_EXECUTE,bool,FALSE,FALSE
SAI_SWITCH_ATTR_FIRMWARE_BROADCAST_STOP,bool,FALSE,FALSE
SAI_SWITCH_ATTR_FIRMWARE_VERIFY_AND_INIT_SWITCH,bool,FALSE,FALSE
SAI_SWITCH_ATTR_FIRMWARE_STATUS,bool,FALSE,FALSE
SAI_SWITCH_ATTR_FIRMWARE_MAJOR_VERSION,sai_uint32_t,0,FALSE
SAI_SWITCH_ATTR_FIRMWARE_MINOR_VERSION,sai_uint32_t,0,FALSE
SAI_SWITCH_ATTR_PORT_CONNECTOR_LIST,sai_object_list_t,empty list,FALSE
SAI_SWITCH_ATTR_PROPOGATE_PORT_STATE_FROM_LINE_TO_SYSTEM_PORT_SUPPORT,bool,FALSE,FALSE
SAI_SWITCH_ATTR_TYPE,sai_switch_type_t,SAI_SWITCH_TYPE_NPU,FALSE
SAI_SWITCH_ATTR_MACSEC_OBJECT_LIST,sai_object_list_t,empty,FALSE
SAI_SWITCH_ATTR_QOS_MPLS_EXP_TO_TC_MAP,sai_object_id_t,SAI_NULL_OBJECT_ID,FALSE
SAI_SWITCH_ATTR_QOS_MPLS_EXP_TO_COLOR_MAP,sai_object_id_t,SAI_NULL_OBJECT_ID,FALSE
SAI_SWITCH_ATTR_QOS_TC_AND_COLOR_TO_MPLS_EXP_MAP,sai_object_id_t,SAI_NULL_OBJECT_ID,FALSE
SAI_SWITCH_ATTR_SWITCH_ID,sai_uint32_t,0,TRUE
SAI_SWITCH_ATTR_MAX_SYSTEM_CORES,sai_uint32_t,0,TRUE
SAI_SWITCH_ATTR_SYSTEM_PORT_CONFIG_LIST,sai_system_port_config_list_t,empty list,TRUE
SAI_SWITCH_ATTR_NUMBER_OF_SYSTEM_PORTS,sai_uint32_t,0,FALSE
SAI_SWITCH_ATTR_SYSTEM_PORT_LIST,sai_object_list_t,internal,FALSE
SAI_SWITCH_ATTR_NUMBER_OF_FABRIC_PORTS,sai_uint32_t,0,FALSE
SAI_SWITCH_ATTR_FABRIC_PORT_LIST,sai_object_list_t,internal,FALSE
SAI_SWITCH_ATTR_PACKET_DMA_MEMORY_POOL_SIZE,sai_uint32_t,0,FALSE
SAI_SWITCH_ATTR_FAILOVER_CONFIG_MODE,sai_switch_failover_config_mode_t,SAI_SWITCH_FAILOVER_CONFIG_MODE_NO_HITLESS,FALSE
SAI_SWITCH_ATTR_SUPPORTED_FAILOVER_MODE,bool,FALSE,FALSE
SAI_SWITCH_ATTR_TUNNEL_OBJECTS_LIST,sai_object_list_t,empty,FALSE
SAI_SWITCH_ATTR_PACKET_AVAILABLE_DMA_MEMORY_POOL_SIZE,sai_uint32_t,0,FALSE
SAI_SWITCH_ATTR_PRE_INGRESS_ACL,sai_object_id_t,SAI_NULL_OBJECT_ID,FALSE
SAI_SWITCH_ATTR_AVAILABLE_SNAPT_ENTRY,sai_uint32_t,0,FALSE
SAI_SWITCH_ATTR_AVAILABLE_DNAPT_ENTRY,sai_uint32_t,0,FALSE
SAI_SWITCH_ATTR_AVAILABLE_DOUBLE_NAPT_ENTRY,sai_uint32_t,0,FALSE
SAI_SWITCH_ATTR_SLAVE_MDIO_ADDR_LIST,sai_u8_list_t,empty,FALSE
SAI_SWITCH_ATTR_MY_MAC_TABLE_MINIMUM_PRIORITY,sai_uint32_t,0,FALSE
SAI_SWITCH_ATTR_MY_MAC_TABLE_MAXIMUM_PRIORITY,sai_uint32_t,0,FALSE
SAI_SWITCH_ATTR_MY_MAC_LIST,sai_object_list_t,empty list,FALSE
SAI_SWITCH_ATTR_INSTALLED_MY_MAC_ENTRIES,sai_uint32_t,0,FALSE
SAI_SWITCH_ATTR_AVAILABLE_MY_MAC_ENTRIES,sai_uint32_t,0,FALSE
SAI_SWITCH_ATTR_MAX_NUMBER_OF_FORWARDING_CLASSES,sai_uint8_t,0,FALSE
SAI_SWITCH_ATTR_QOS_DSCP_TO_FORWARDING_CLASS_MAP,sai_object_id_t,SAI_NULL_OBJECT_ID,FALSE
SAI_SWITCH_ATTR_QOS_MPLS_EXP_TO_FORWARDING_CLASS_MAP,sai_object_id_t,SAI_NULL_OBJECT_ID,FALSE
SAI_SWITCH_ATTR_IPSEC_OBJECT_ID,sai_object_id_t,SAI_NULL_OBJECT_ID,FALSE
SAI_SWITCH_ATTR_IPSEC_SA_TAG_TPID,sai_uint16_t,0xFFFE,FALSE
SAI_SWITCH_ATTR_IPSEC_SA_STATUS_CHANGE_NOTIFY,sai_pointer_t sai_ipsec_sa_status_change_notification_fn,NULL,FALSE
SAI_SWITCH_ATTR_NAT_EVENT_NOTIFY,sai_pointer_t sai_nat_event_notification_fn,NULL,FALSE
SAI_SWITCH_ATTR_MAX_ECMP_MEMBER_COUNT,sai_uint32_t,0,FALSE
SAI_SWITCH_ATTR_ECMP_MEMBER_COUNT,sai_uint32_t,64,FALSE
SAI_SWITCH_ATTR_ARS_PROFILE,sai_object_id_t,SAI_NULL_OBJECT_ID,FALSE
SAI_SWITCH_ATTR_ACL_STAGE_POST_INGRESS,sai_acl_capability_t,zeroed structure,FALSE
SAI_SWITCH_ATTR_CREDIT_WD,bool,TRUE,FALSE
SAI_SWITCH_ATTR_CREDIT_WD_TIMER,sai_uint32_t,500,FALSE
SAI_SWITCH_ATTR_SWITCH_ISOLATE,bool,FALSE,FALSE
SAI_SWITCH_ATTR_HOSTIF_OPER_STATUS_UPDATE_MODE,sai_switch_hostif_oper_status_update_mode_t,SAI_SWITCH_HOSTIF_OPER_STATUS_UPDATE_MODE_APPLICATION,FALSE
SAI_SWITCH_ATTR_SWITCH_ASIC_SDK_HEALTH_EVENT_NOTIFY,sai_pointer_t sai_switch_asic_sdk_health_event_notification_fn,NULL,FALSE
SAI_SWITCH_ATTR_REG_FATAL_SWITCH_ASIC_SDK_HEALTH_CATEGORY,sai_s32_list_t sai_switch_asic_sdk_health_category_t,empty,FALSE
SAI_SWITCH_ATTR_REG_WARNING_SWITCH_ASIC_SDK_HEALTH_CATEGORY,sai_s32_list_t sai_switch_asic_sdk_health_category_t,empty,FALSE
SAI_SWITCH_ATTR_REG_NOTICE_SWITCH_ASIC_SDK_HEALTH_CATEGORY,sai_s32_list_t sai_switch_asic_sdk_health_category_t,empty,FALSE
SAI_SWITCH_ATTR_ACL_CHAIN_LIST,sai_acl_chain_list_t,empty list,FALSE
SAI_SWITCH_ATTR_PORT_HOST_TX_READY_NOTIFY,sai_pointer_t sai_port_host_tx_ready_notification_fn,NULL,FALSE
SAI_SWITCH_ATTR_TUNNEL_TERM_TABLE_ENTRY_MINIMUM_PRIORITY,sai_uint32_t,0,FALSE
SAI_SWITCH_ATTR_TUNNEL_TERM_TABLE_ENTRY_MAXIMUM_PRIORITY,sai_uint32_t,0,FALSE
SAI_SWITCH_ATTR_TWAMP_SESSION_EVENT_NOTIFY,sai_pointer_t sai_twamp_session_event_notification_fn,NULL,FALSE
SAI_SWITCH_ATTR_AVAILABLE_TWAMP_SESSION,sai_uint32_t,0,FALSE
SAI_SWITCH_ATTR_MAX_TWAMP_SESSION,sai_uint32_t,0,FALSE
SAI_SWITCH_ATTR_AVAILABLE_IP_NEXT_HOP_GROUP_MEMBER_ENTRY,sai_uint32_t,0,FALSE
SAI_SWITCH_ATTR_AVAILABLE_SYSTEM_VOQS,sai_uint32_t,0,FALSE
SAI_SWITCH_ATTR_ACL_STAGE_PRE_INGRESS,sai_acl_capability_t,zeroed structure,FALSE
SAI_SWITCH_ATTR_POE_DEVICE_LIST,sai_object_list_t,empty,FALSE
SAI_SWITCH_ATTR_ICMP_ECHO_SESSION_STATE_CHANGE_NOTIFY,sai_pointer_t sai_icmp_echo_session_state_change_notification_fn,NULL,FALSE
SAI_SWITCH_ATTR_AVAILABLE_ICMP_ECHO_SESSION,sai_uint32_t,0,FALSE
SAI_SWITCH_ATTR_MAX_ICMP_ECHO_SESSION,sai_uint32_t,0,FALSE
SAI_SWITCH_ATTR_STATS_COUNT_MODE,sai_stats_count_mode_t,SAI_STATS_COUNT_MODE_PACKET_AND_BYTE,FALSE
SAI_SWITCH_ATTR_SELECTIVE_COUNTER_LIST,sai_object_list_t,empty,FALSE
SAI_SWITCH_ATTR_EXTENDED_PORT_STATE_CHANGE_NOTIFY,sai_pointer_t sai_extended_port_state_change_notification_fn,NULL,FALSE
SAI_SWITCH_ATTR_TAM_ST_REPORT_CHUNK_SIZE,sai_uint32_t,65535,FALSE
SAI_SWITCH_ATTR_TAM_ST_CHUNK_COUNT,sai_uint32_t,0,FALSE
SAI_SWITCH_ATTR_TAM_TEL_TYPE_CONFIG_CHANGE_NOTIFY,sai_pointer_t sai_tam_tel_type_config_change_notification_fn,NULL,FALSE
SAI_SWITCH_ATTR_PACKET_TRIM_SIZE,sai_uint32_t,128,FALSE
SAI_SWITCH_ATTR_PACKET_TRIM_DSCP_VALUE,sai_uint8_t,0,FALSE
SAI_SWITCH_ATTR_PACKET_TRIM_QUEUE_RESOLUTION_MODE,sai_packet_trim_queue_resolution_mode_t,SAI_PACKET_TRIM_QUEUE_RESOLUTION_MODE_STATIC,FALSE
SAI_SWITCH_ATTR_PACKET_TRIM_QUEUE_INDEX,sai_uint8_t,0,FALSE
SAI_SWITCH_ATTR_SHARED_BUFFER_CELL_SIZE,sai_uint32_t,0,FALSE
SAI_SWITCH_ATTR_PORT_PTP_MODE,sai_port_ptp_mode_t,SAI_PORT_PTP_MODE_NONE,FALSE
SAI_SWITCH_ATTR_ECMP_HASH_IPV4_RDMA,sai_object_id_t,SAI_NULL_OBJECT_ID,FALSE
SAI_SWITCH_ATTR_ECMP_HASH_IPV6_RDMA,sai_object_id_t,SAI_NULL_OBJECT_ID,FALSE
SAI_SWITCH_ATTR_LAG_HASH_IPV4_RDMA,sai_object_id_t,SAI_NULL_OBJECT_ID,FALSE
SAI_SWITCH_ATTR_LAG_HASH_IPV6_RDMA,sai_object_id_t,SAI_NULL_OBJECT_ID,FALSE
SAI_SWITCH_ATTR_MAX_SYNCE_CLOCK_COUNT,sai_uint32_t,0,FALSE
SAI_SWITCH_ATTR_SYNCE_CLOCK_LIST,sai_object_list_t,internal,FALSE
SAI_SWITCH_ATTR_PACKET_TRIM_TC_VALUE,sai_uint8_t,0,FALSE
SAI_SWITCH_ATTR_PACKET_TRIM_DSCP_RESOLUTION_MODE,sai_packet_trim_dscp_resolution_mode_t,SAI_PACKET_TRIM_DSCP_RESOLUTION_MODE_DSCP_VALUE,FALSE
SAI_SWITCH_ATTR_MACSEC_POST_STATUS_NOTIFY,sai_pointer_t sai_macsec_post_status_notification_fn,NULL,FALSE
SAI_SWITCH_ATTR_IPSEC_POST_STATUS_NOTIFY,sai_pointer_t sai_ipsec_post_status_notification_fn,NULL,FALSE
SAI_SWITCH_ATTR_MACSEC_POST_STATUS,sai_switch_macsec_post_status_t,SAI_SWITCH_MACSEC_POST_STATUS_UNKNOWN,FALSE
SAI_SWITCH_ATTR_IPSEC_POST_STATUS,sai_switch_ipsec_post_status_t,SAI_SWITCH_IPSEC_POST_STATUS_UNKNOWN,FALSE
SAI_SWITCH_ATTR_MACSEC_ENABLE_POST,bool,FALSE,FALSE
SAI_SWITCH_ATTR_IPSEC_ENABLE_POST,bool,FALSE,FALSE
SAI_SWITCH_ATTR_SWITCH_MACSEC_POST_STATUS_NOTIFY,sai_pointer_t sai_switch_macsec_post_status_notification_fn,NULL,FALSE
SAI_SWITCH_ATTR_SWITCH_IPSEC_POST_STATUS_NOTIFY,sai_pointer_t sai_switch_ipsec_post_status_notification_fn,NULL,FALSE
SAI_SWITCH_ATTR_DEFAULT_CPU_INGRESS_BUFFER_POOL,sai_object_id_t,internal,FALSE
SAI_SWITCH_ATTR_DEFAULT_CPU_EGRESS_BUFFER_POOL,sai_object_id_t,internal,FALSE
SAI_SWITCH_ATTR_NEXT_HOP_USER_META_DATA_RANGE,sai_u32_range_t,0-0,FALSE
SAI_SWITCH_ATTR_FAST_LINKUP_POLLING_TIMEOUT_RANGE,sai_u16_range_t,0-0,FALSE
SAI_SWITCH_ATTR_FAST_LINKUP_POLLING_TIMEOUT,sai_uint16_t,60,FALSE
SAI_SWITCH_ATTR_FAST_LINKUP_GUARD_TIMEOUT_RANGE,sai_u16_range_t,0-0,FALSE
SAI_SWITCH_ATTR_FAST_LINKUP_GUARD_TIMEOUT,sai_uint8_t,10,FALSE
SAI_SWITCH_ATTR_FAST_LINKUP_BER_THRESHOLD,sai_uint8_t,12,FALSE
SAI_SWITCH_ATTR_EXTENSIONS_RANGE_BASE,NA,,FALSE
SAI_SYNCE_CLOCK_ATTR_SRC_PORT,sai_object_id_t,SAI_NULL_OBJECT_ID,FALSE
SAI_SYNCE_CLOCK_ATTR_CLOCK_VALID,bool,FALSE,FALSE
SAI_SYNCE_CLOCK_ATTR_CLOCK_HARDWARE_ID,sai_uint64_t,0,FALSE
SAI_SYNCE_CLOCK_ATTR_DEBUG_FORCE_SYNCE_RECOVERED_CLOCK_STATE,sai_synce_recovered_clock_state_t,SAI_SYNCE_RECOVERED_CLOCK_STATE_FORCE_VALID_DISABLE,FALSE
SAI_SYSTEM_PORT_ATTR_TYPE,sai_system_port_type_t,SAI_SYSTEM_PORT_TYPE_LOCAL,FALSE
SAI_SYSTEM_PORT_ATTR_QOS_NUMBER_OF_VOQS,sai_uint32_t,0,FALSE
SAI_SYSTEM_PORT_ATTR_QOS_VOQ_LIST,sai_object_list_t,empty list,FALSE
SAI_SYSTEM_PORT_ATTR_PORT,sai_object_id_t,SAI_NULL_OBJECT_ID,FALSE
SAI_SYSTEM_PORT_ATTR_ADMIN_STATE,bool,FALSE,FALSE
SAI_SYSTEM_PORT_ATTR_CONFIG_INFO,sai_system_port_config_t,zeroed structure,TRUE
SAI_SYSTEM_PORT_ATTR_QOS_TC_TO_QUEUE_MAP,sai_object_id_t,SAI_NULL_OBJECT_ID,FALSE
SAI_TAM_ATTR_TELEMETRY_OBJECTS_LIST,sai_object_list_t,empty,FALSE
SAI_TAM_ATTR_EVENT_OBJECTS_LIST,sai_object_list_t,empty,FALSE
SAI_TAM_ATTR_INT_OBJECTS_LIST,sai_object_list_t,empty,FALSE
SAI_TAM_ATTR_TAM_BIND_POINT_TYPE_LIST,sai_s32_list_t sai_tam_bind_point_type_t,empty,FALSE
SAI_TAM_MATH_FUNC_ATTR_TAM_TEL_MATH_FUNC_TYPE,sai_tam_tel_math_func_type_t,SAI_TAM_TEL_MATH_FUNC_TYPE_NONE,FALSE
SAI_TAM_EVENT_THRESHOLD_ATTR_HIGH_WATERMARK,sai_uint32_t,90,FALSE
SAI_TAM_EVENT_THRESHOLD_ATTR_LOW_WATERMARK,sai_uint32_t,10,FALSE
SAI_TAM_EVENT_THRESHOLD_ATTR_LATENCY,sai_uint32_t,10,FALSE
SAI_TAM_EVENT_THRESHOLD_ATTR_RATE,sai_uint32_t,0,FALSE
SAI_TAM_EVENT_THRESHOLD_ATTR_ABS_VALUE,sai_uint32_t,0,FALSE
SAI_TAM_EVENT_THRESHOLD_ATTR_UNIT,sai_tam_event_threshold_unit_t,SAI_TAM_EVENT_THRESHOLD_UNIT_MSEC,FALSE
SAI_TAM_INT_ATTR_TYPE,sai_tam_int_type_t,SAI_TAM_INT_TYPE_IOAM,TRUE
SAI_TAM_INT_ATTR_DEVICE_ID,sai_uint32_t,0,TRUE
SAI_TAM_INT_ATTR_IOAM_TRACE_TYPE,sai_uint32_t,0,FALSE
SAI_TAM_INT_ATTR_INT_PRESENCE_TYPE,sai_tam_int_presence_type_t,SAI_TAM_INT_PRESENCE_TYPE_UNDEFINED,TRUE
SAI_TAM_INT_ATTR_INT_PRESENCE_PB1,sai_uint32_t,0,TRUE
SAI_TAM_INT_ATTR_INT_PRESENCE_PB2,sai_uint32_t,0,TRUE
SAI_TAM_INT_ATTR_INT_PRESENCE_DSCP_VALUE,sai_uint8_t,0,TRUE
SAI_TAM_INT_ATTR_INLINE,bool,FALSE,TRUE
SAI_TAM_INT_ATTR_INT_PRESENCE_L3_PROTOCOL,sai_uint8_t,0,TRUE
SAI_TAM_INT_ATTR_TRACE_VECTOR,sai_uint16_t,0,FALSE
SAI_TAM_INT_ATTR_ACTION_VECTOR,sai_uint16_t,0,FALSE
SAI_TAM_INT_ATTR_P4_INT_INSTRUCTION_BITMAP,sai_uint16_t,0,FALSE
SAI_TAM_INT_ATTR_METADATA_FRAGMENT_ENABLE,bool,FALSE,FALSE
SAI_TAM_INT_ATTR_METADATA_CHECKSUM_ENABLE,bool,FALSE,FALSE
SAI_TAM_INT_ATTR_REPORT_ALL_PACKETS,bool,FALSE,FALSE
SAI_TAM_INT_ATTR_FLOW_LIVENESS_PERIOD,sai_uint16_t,0,FALSE
SAI_TAM_INT_ATTR_LATENCY_SENSITIVITY,sai_uint8_t,20,FALSE
SAI_TAM_INT_ATTR_ACL_GROUP,sai_object_id_t,SAI_NULL_OBJECT_ID,FALSE
SAI_TAM_INT_ATTR_MAX_HOP_COUNT,sai_uint8_t,0,FALSE
SAI_TAM_INT_ATTR_MAX_LENGTH,sai_uint8_t,0,FALSE
SAI_TAM_INT_ATTR_NAME_SPACE_ID,sai_uint8_t,0,FALSE
SAI_TAM_INT_ATTR_NAME_SPACE_ID_GLOBAL,bool,FALSE,FALSE
SAI_TAM_INT_ATTR_INGRESS_SAMPLEPACKET_ENABLE,sai_object_id_t,SAI_NULL_OBJECT_ID,FALSE
SAI_TAM_INT_ATTR_COLLECTOR_LIST,sai_object_list_t,empty,FALSE
SAI_TAM_INT_ATTR_MATH_FUNC,sai_object_id_t,SAI_NULL_OBJECT_ID,FALSE
SAI_TAM_INT_ATTR_REPORT_ID,sai_object_id_t,SAI_NULL_OBJECT_ID,FALSE
SAI_TAM_TEL_TYPE_ATTR_TAM_TELEMETRY_TYPE,sai_tam_telemetry_type_t,SAI_TAM_TELEMETRY_TYPE_NE,TRUE
SAI_TAM_TEL_TYPE_ATTR_INT_SWITCH_IDENTIFIER,sai_uint32_t,0,FALSE
SAI_TAM_TEL_TYPE_ATTR_SWITCH_ENABLE_PORT_STATS,bool,FALSE,FALSE
SAI_TAM_TEL_TYPE_ATTR_SWITCH_ENABLE_PORT_STATS_INGRESS,bool,FALSE,FALSE
SAI_TAM_TEL_TYPE_ATTR_SWITCH_ENABLE_PORT_STATS_EGRESS,bool,FALSE,FALSE
SAI_TAM_TEL_TYPE_ATTR_SWITCH_ENABLE_VIRTUAL_QUEUE_STATS,bool,FALSE,FALSE
SAI_TAM_TEL_TYPE_ATTR_SWITCH_ENABLE_OUTPUT_QUEUE_STATS,bool,FALSE,FALSE
SAI_TAM_TEL_TYPE_ATTR_SWITCH_ENABLE_MMU_STATS,bool,FALSE,FALSE
SAI_TAM_TEL_TYPE_ATTR_SWITCH_ENABLE_FABRIC_STATS,bool,FALSE,FALSE
SAI_TAM_TEL_TYPE_ATTR_SWITCH_ENABLE_FILTER_STATS,bool,FALSE,FALSE
SAI_TAM_TEL_TYPE_ATTR_SWITCH_ENABLE_RESOURCE_UTILIZATION_STATS,bool,FALSE,FALSE
SAI_TAM_TEL_TYPE_ATTR_FABRIC_Q,bool,FALSE,FALSE
SAI_TAM_TEL_TYPE_ATTR_NE_ENABLE,bool,FALSE,FALSE
SAI_TAM_TEL_TYPE_ATTR_DSCP_VALUE,sai_uint8_t,0,FALSE
SAI_TAM_TEL_TYPE_ATTR_MATH_FUNC,sai_object_id_t,SAI_NULL_OBJECT_ID,FALSE
SAI_TAM_TEL_TYPE_ATTR_REPORT_ID,sai_object_id_t,SAI_NULL_OBJECT_ID,TRUE
SAI_TAM_TEL_TYPE_ATTR_COUNTER_SUBSCRIPTION_LIST,sai_object_list_t,empty list,FALSE
SAI_TAM_TEL_TYPE_ATTR_MODE,sai_tam_tel_type_mode_t,SAI_TAM_TEL_TYPE_MODE_SINGLE_TYPE,FALSE
SAI_TAM_TEL_TYPE_ATTR_STATE,sai_tam_tel_type_state_t,SAI_TAM_TEL_TYPE_STATE_STOP_STREAM,FALSE
SAI_TAM_TEL_TYPE_ATTR_IPFIX_TEMPLATES,sai_u8_list_t,empty list,FALSE
SAI_TAM_REPORT_ATTR_TYPE,sai_tam_report_type_t,SAI_TAM_REPORT_TYPE_SFLOW,TRUE
SAI_TAM_REPORT_ATTR_HISTOGRAM_NUMBER_OF_BINS,sai_uint32_t,0,FALSE
SAI_TAM_REPORT_ATTR_HISTOGRAM_BIN_BOUNDARY,sai_u32_list_t,empty,FALSE
SAI_TAM_REPORT_ATTR_QUOTA,sai_uint32_t,0,FALSE
SAI_TAM_REPORT_ATTR_REPORT_MODE,sai_tam_report_mode_t,SAI_TAM_REPORT_MODE_ALL,FALSE
SAI_TAM_REPORT_ATTR_REPORT_INTERVAL,sai_uint32_t,1000,FALSE
SAI_TAM_REPORT_ATTR_ENTERPRISE_NUMBER,sai_uint32_t,0,FALSE
SAI_TAM_REPORT_ATTR_TEMPLATE_REPORT_INTERVAL,sai_uint32_t,15,FALSE
SAI_TAM_REPORT_ATTR_REPORT_INTERVAL_UNIT,sai_tam_report_interval_unit_t,SAI_TAM_REPORT_INTERVAL_UNIT_USEC,FALSE
SAI_TAM_REPORT_ATTR_SAMPLE_RATE,sai_uint32_t,0,TRUE
SAI_TAM_REPORT_ATTR_MAX_REPORT_RATE,sai_uint64_t,0,FALSE
SAI_TAM_REPORT_ATTR_MAX_REPORT_BURST,sai_uint64_t,0,FALSE
SAI_TAM_TELEMETRY_ATTR_TAM_TYPE_LIST,sai_object_list_t,empty,FALSE
SAI_TAM_TELEMETRY_ATTR_COLLECTOR_LIST,sai_object_list_t,empty list,TRUE
SAI_TAM_TELEMETRY_ATTR_TAM_REPORTING_UNIT,sai_tam_reporting_unit_t,SAI_TAM_REPORTING_UNIT_SEC,FALSE
SAI_TAM_TELEMETRY_ATTR_REPORTING_INTERVAL,sai_uint32_t,1,FALSE
SAI_TAM_TRANSPORT_ATTR_TRANSPORT_TYPE,sai_tam_transport_type_t,SAI_TAM_TRANSPORT_TYPE_NONE,TRUE
SAI_TAM_TRANSPORT_ATTR_SRC_PORT,sai_uint32_t,31337,FALSE
SAI_TAM_TRANSPORT_ATTR_DST_PORT,sai_uint32_t,31337,FALSE
SAI_TAM_TRANSPORT_ATTR_TRANSPORT_AUTH_TYPE,sai_tam_transport_auth_type_t,SAI_TAM_TRANSPORT_AUTH_TYPE_NONE,FALSE
SAI_TAM_TRANSPORT_ATTR_MTU,sai_uint32_t,1500,FALSE
SAI_TAM_TRANSPORT_ATTR_GRE_PROTOCOL_TYPE,sai_uint16_t,0,TRUE
SAI_TAM_COLLECTOR_ATTR_SRC_IP,sai_ip_address_t,0,TRUE
SAI_TAM_COLLECTOR_ATTR_DST_IP,sai_ip_address_t,0,TRUE
SAI_TAM_COLLECTOR_ATTR_LOCALHOST,bool,TRUE,FALSE
SAI_TAM_COLLECTOR_ATTR_VIRTUAL_ROUTER_ID,sai_object_id_t,SAI_NULL_OBJECT_ID,FALSE
SAI_TAM_COLLECTOR_ATTR_TRUNCATE_SIZE,sai_uint16_t,0,FALSE
SAI_TAM_COLLECTOR_ATTR_TRANSPORT,sai_object_id_t,SAI_NULL_OBJECT_ID,TRUE
SAI_TAM_COLLECTOR_ATTR_DSCP_VALUE,sai_uint8_t,0,FALSE
SAI_TAM_COLLECTOR_ATTR_HOSTIF_TRAP,sai_object_id_t,SAI_NULL_OBJECT_ID,FALSE
SAI_TAM_COLLECTOR_ATTR_SRC_MAC,sai_mac_t,vendor,FALSE
SAI_TAM_COLLECTOR_ATTR_DST_MAC,sai_mac_t,vendor,FALSE
SAI_TAM_COLLECTOR_ATTR_DESTINATION,sai_object_id_t,SAI_NULL_OBJECT_ID,FALSE
SAI_TAM_EVENT_ACTION_ATTR_REPORT_TYPE,sai_object_id_t,SAI_NULL_OBJECT_ID,TRUE
SAI_TAM_EVENT_ACTION_ATTR_QOS_ACTION_TYPE,sai_uint32_t,0,FALSE
SAI_TAM_EVENT_ATTR_TYPE,sai_tam_event_type_t,SAI_TAM_EVENT_TYPE_FLOW_STATE,TRUE
SAI_TAM_EVENT_ATTR_ACTION_LIST,sai_object_list_t,empty list,TRUE
SAI_TAM_EVENT_ATTR_COLLECTOR_LIST,sai_object_list_t,empty list,TRUE
SAI_TAM_EVENT_ATTR_THRESHOLD,sai_object_id_t,SAI_NULL_OBJECT_ID,FALSE
SAI_TAM_EVENT_ATTR_DSCP_VALUE,sai_uint8_t,0,FALSE
SAI_TAM_COUNTER_SUBSCRIPTION_ATTR_TEL_TYPE,sai_object_id_t,SAI_NULL_OBJECT_ID,TRUE
SAI_TAM_COUNTER_SUBSCRIPTION_ATTR_OBJECT_ID,sai_object_id_t,SAI_NULL_OBJECT_ID,TRUE
SAI_TAM_COUNTER_SUBSCRIPTION_ATTR_STAT_ID,sai_uint32_t,0,TRUE
SAI_TAM_COUNTER_SUBSCRIPTION_ATTR_LABEL,sai_uint64_t,0,FALSE
SAI_TAM_COUNTER_SUBSCRIPTION_ATTR_STATS_MODE,sai_stats_mode_t,SAI_STATS_MODE_READ,FALSE
SAI_TUNNEL_MAP_ENTRY_ATTR_TUNNEL_MAP_TYPE,sai_tunnel_map_type_t,SAI_TUNNEL_MAP_TYPE_OECN_TO_UECN,TRUE
SAI_TUNNEL_MAP_ENTRY_ATTR_TUNNEL_MAP,sai_object_id_t,SAI_NULL_OBJECT_ID,TRUE
SAI_TUNNEL_MAP_ENTRY_ATTR_OECN_KEY,sai_uint8_t,0,TRUE
SAI_TUNNEL_MAP_ENTRY_ATTR_OECN_VALUE,sai_uint8_t,0,TRUE
SAI_TUNNEL_MAP_ENTRY_ATTR_UECN_KEY,sai_uint8_t,0,TRUE
SAI_TUNNEL_MAP_ENTRY_ATTR_UECN_VALUE,sai_uint8_t,0,TRUE
SAI_TUNNEL_MAP_ENTRY_ATTR_VLAN_ID_KEY,sai_uint16_t,0,TRUE
SAI_TUNNEL_MAP_ENTRY_ATTR_VLAN_ID_VALUE,sai_uint16_t,0,TRUE
SAI_TUNNEL_MAP_ENTRY_ATTR_VNI_ID_KEY,sai_uint32_t,0,TRUE
SAI_TUNNEL_MAP_ENTRY_ATTR_VNI_ID_VALUE,sai_uint32_t,0,TRUE
SAI_TUNNEL_MAP_ENTRY_ATTR_BRIDGE_ID_KEY,sai_object_id_t,SAI_NULL_OBJECT_ID,TRUE
SAI_TUNNEL_MAP_ENTRY_ATTR_BRIDGE_ID_VALUE,sai_object_id_t,SAI_NULL_OBJECT_ID,TRUE
SAI_TUNNEL_MAP_ENTRY_ATTR_VIRTUAL_ROUTER_ID_KEY,sai_object_id_t,SAI_NULL_OBJECT_ID,TRUE
SAI_TUNNEL_MAP_ENTRY_ATTR_VIRTUAL_ROUTER_ID_VALUE,sai_object_id_t,SAI_NULL_OBJECT_ID,TRUE
SAI_TUNNEL_MAP_ENTRY_ATTR_VSID_ID_KEY,sai_uint32_t,0,TRUE
SAI_TUNNEL_MAP_ENTRY_ATTR_VSID_ID_VALUE,sai_uint32_t,0,TRUE
SAI_TUNNEL_MAP_ENTRY_ATTR_PREFIX_AGG_ID_KEY,sai_uint32_t,0,TRUE
SAI_TUNNEL_MAP_ENTRY_ATTR_SRV6_VPN_SID_VALUE,sai_ip6_t,zeroed array,TRUE
SAI_TUNNEL_MAP_ATTR_TYPE,sai_tunnel_map_type_t,SAI_TUNNEL_MAP_TYPE_OECN_TO_UECN,TRUE
SAI_TUNNEL_MAP_ATTR_ENTRY_LIST,sai_object_list_t,empty list,FALSE
SAI_TUNNEL_ATTR_TYPE,sai_tunnel_type_t,SAI_TUNNEL_TYPE_IPINIP,TRUE
SAI_TUNNEL_ATTR_UNDERLAY_INTERFACE,sai_object_id_t,SAI_NULL_OBJECT_ID,TRUE
SAI_TUNNEL_ATTR_OVERLAY_INTERFACE,sai_object_id_t,SAI_NULL_OBJECT_ID,TRUE
SAI_TUNNEL_ATTR_PEER_MODE,sai_tunnel_peer_mode_t,SAI_TUNNEL_PEER_MODE_P2MP,FALSE
SAI_TUNNEL_ATTR_ENCAP_SRC_IP,sai_ip_address_t,0.0.0.0,FALSE
SAI_TUNNEL_ATTR_ENCAP_DST_IP,sai_ip_address_t,0.0.0.0,FALSE
SAI_TUNNEL_ATTR_ENCAP_TTL_MODE,sai_tunnel_ttl_mode_t,SAI_TUNNEL_TTL_MODE_UNIFORM_MODEL,FALSE
SAI_TUNNEL_ATTR_ENCAP_TTL_VAL,sai_uint8_t,255,FALSE
SAI_TUNNEL_ATTR_ENCAP_DSCP_MODE,sai_tunnel_dscp_mode_t,SAI_TUNNEL_DSCP_MODE_UNIFORM_MODEL,FALSE
SAI_TUNNEL_ATTR_ENCAP_DSCP_VAL,sai_uint8_t,0,FALSE
SAI_TUNNEL_ATTR_ENCAP_GRE_KEY_VALID,bool,FALSE,FALSE
SAI_TUNNEL_ATTR_ENCAP_GRE_KEY,sai_uint32_t,0,FALSE
SAI_TUNNEL_ATTR_ENCAP_ECN_MODE,sai_tunnel_encap_ecn_mode_t,SAI_TUNNEL_ENCAP_ECN_MODE_STANDARD,FALSE
SAI_TUNNEL_ATTR_ENCAP_MAPPERS,sai_object_list_t,empty,FALSE
SAI_TUNNEL_ATTR_DECAP_ECN_MODE,sai_tunnel_decap_ecn_mode_t,SAI_TUNNEL_DECAP_ECN_MODE_STANDARD,FALSE
SAI_TUNNEL_ATTR_DECAP_MAPPERS,sai_object_list_t,empty,FALSE
SAI_TUNNEL_ATTR_DECAP_TTL_MODE,sai_tunnel_ttl_mode_t,SAI_TUNNEL_TTL_MODE_UNIFORM_MODEL,FALSE
SAI_TUNNEL_ATTR_DECAP_DSCP_MODE,sai_tunnel_dscp_mode_t,SAI_TUNNEL_DSCP_MODE_UNIFORM_MODEL,FALSE
SAI_TUNNEL_ATTR_TERM_TABLE_ENTRY_LIST,sai_object_list_t,empty list,FALSE
SAI_TUNNEL_ATTR_LOOPBACK_PACKET_ACTION,sai_packet_action_t,SAI_PACKET_ACTION_FORWARD,FALSE
SAI_TUNNEL_ATTR_VXLAN_UDP_SPORT_MODE,sai_tunnel_vxlan_udp_sport_mode_t,SAI_TUNNEL_VXLAN_UDP_SPORT_MODE_EPHEMERAL,FALSE
SAI_TUNNEL_ATTR_VXLAN_UDP_SPORT,sai_uint16_t,0,FALSE
SAI_TUNNEL_ATTR_VXLAN_UDP_SPORT_MASK,sai_uint8_t,0,FALSE
SAI_TUNNEL_ATTR_SA_INDEX,sai_uint32_t,0,FALSE
SAI_TUNNEL_ATTR_IPSEC_SA_PORT_LIST,sai_object_list_t,empty,FALSE
SAI_TUNNEL_ATTR_ENCAP_QOS_TC_AND_COLOR_TO_DSCP_MAP,sai_object_id_t,SAI_NULL_OBJECT_ID,FALSE
SAI_TUNNEL_ATTR_ENCAP_QOS_TC_TO_QUEUE_MAP,sai_object_id_t,SAI_NULL_OBJECT_ID,FALSE
SAI_TUNNEL_ATTR_DECAP_QOS_DSCP_TO_TC_MAP,sai_object_id_t,SAI_NULL_OBJECT_ID,FALSE
SAI_TUNNEL_ATTR_DECAP_QOS_TC_TO_PRIORITY_GROUP_MAP,sai_object_id_t,SAI_NULL_OBJECT_ID,FALSE
SAI_TUNNEL_ATTR_VXLAN_UDP_SPORT_SECURITY,bool,FALSE,FALSE
SAI_TUNNEL_ATTR_STATS_COUNT_MODE,sai_stats_count_mode_t,SAI_STATS_COUNT_MODE_PACKET_AND_BYTE,FALSE
SAI_TUNNEL_ATTR_SELECTIVE_COUNTER_LIST,sai_object_list_t,empty,FALSE
SAI_TUNNEL_TERM_TABLE_ENTRY_ATTR_VR_ID,sai_object_id_t,SAI_NULL_OBJECT_ID,TRUE
SAI_TUNNEL_TERM_TABLE_ENTRY_ATTR_TYPE,sai_tunnel_term_table_entry_type_t,SAI_TUNNEL_TERM_TABLE_ENTRY_TYPE_P2P,TRUE
SAI_TUNNEL_TERM_TABLE_ENTRY_ATTR_DST_IP,sai_ip_address_t,0,TRUE
SAI_TUNNEL_TERM_TABLE_ENTRY_ATTR_DST_IP_MASK,sai_ip_address_t,0.0.0.0,FALSE
SAI_TUNNEL_TERM_TABLE_ENTRY_ATTR_SRC_IP,sai_ip_address_t,0,TRUE
SAI_TUNNEL_TERM_TABLE_ENTRY_ATTR_SRC_IP_MASK,sai_ip_address_t,0.0.0.0,FALSE
SAI_TUNNEL_TERM_TABLE_ENTRY_ATTR_TUNNEL_TYPE,sai_tunnel_type_t,SAI_TUNNEL_TYPE_IPINIP,TRUE
SAI_TUNNEL_TERM_TABLE_ENTRY_ATTR_ACTION_TUNNEL_ID,sai_object_id_t,SAI_NULL_OBJECT_ID,TRUE
SAI_TUNNEL_TERM_TABLE_ENTRY_ATTR_IP_ADDR_FAMILY,sai_ip_addr_family_t,SAI_IP_ADDR_FAMILY_IPV4,FALSE
SAI_TUNNEL_TERM_TABLE_ENTRY_ATTR_IPSEC_VERIFIED,bool,TRUE,FALSE
SAI_TUNNEL_TERM_TABLE_ENTRY_ATTR_PRIORITY,sai_uint32_t,0,FALSE
SAI_TWAMP_SESSION_ATTR_TWAMP_MODE,sai_twamp_mode_t,SAI_TWAMP_MODE_FULL,TRUE
SAI_TWAMP_SESSION_ATTR_SESSION_ROLE,sai_twamp_session_role_t,SAI_TWAMP_SESSION_ROLE_SENDER,TRUE
SAI_TWAMP_SESSION_ATTR_AUTH_MODE,sai_twamp_session_auth_mode_t,SAI_TWAMP_SESSION_AUTH_MODE_UNAUTHENTICATED,FALSE
SAI_TWAMP_SESSION_ATTR_HW_LOOKUP_VALID,bool,TRUE,FALSE
SAI_TWAMP_SESSION_ATTR_VIRTUAL_ROUTER,sai_object_id_t,SAI_NULL_OBJECT_ID,FALSE
SAI_TWAMP_SESSION_ATTR_SRC_MAC,sai_mac_t,zeroed array,TRUE
SAI_TWAMP_SESSION_ATTR_DST_MAC,sai_mac_t,zeroed array,TRUE
SAI_TWAMP_SESSION_ATTR_VLAN_ID,sai_uint16_t,0,TRUE
SAI_TWAMP_SESSION_ATTR_VLAN_PRI,sai_uint8_t,0,FALSE
SAI_TWAMP_SESSION_ATTR_VLAN_CFI,sai_uint8_t,0,FALSE
SAI_TWAMP_SESSION_ATTR_VLAN_HEADER_VALID,bool,FALSE,FALSE
SAI_TWAMP_SESSION_ATTR_SRC_IP,sai_ip_address_t,0,TRUE
SAI_TWAMP_SESSION_ATTR_DST_IP,sai_ip_address_t,0,TRUE
SAI_TWAMP_SESSION_ATTR_UDP_SRC_PORT,sai_uint32_t,0,TRUE
SAI_TWAMP_SESSION_ATTR_UDP_DST_PORT,sai_uint32_t,0,TRUE
SAI_TWAMP_SESSION_ATTR_DSCP,sai_uint8_t,0,FALSE
SAI_TWAMP_SESSION_ATTR_TTL,sai_uint8_t,255,FALSE
SAI_TWAMP_SESSION_ATTR_TUNNEL_SRC_MAC,sai_mac_t,vendor,FALSE
SAI_TWAMP_SESSION_ATTR_TUNNEL_DST_MAC,sai_mac_t,vendor,FALSE
SAI_TWAMP_SESSION_ATTR_TUNNEL_OUTER_VLAN_ID,sai_uint16_t,0,FALSE
SAI_TWAMP_SESSION_ATTR_TUNNEL_OUTER_VLAN_PRI,sai_uint8_t,0,FALSE
SAI_TWAMP_SESSION_ATTR_TUNNEL_OUTER_VLAN_CFI,sai_uint8_t,0,FALSE
SAI_TWAMP_SESSION_ATTR_TUNNEL_OUTER_VLAN_HEADER_VALID,bool,FALSE,FALSE
SAI_TWAMP_SESSION_ATTR_TUNNEL_LABELSTACK,sai_u32_list_t,empty,FALSE
SAI_TWAMP_SESSION_ATTR_TUNNEL_SRC_IP,sai_ip_address_t,0.0.0.0,FALSE
SAI_TWAMP_SESSION_ATTR_TUNNEL_DST_IP,sai_ip_address_t,0.0.0.0,FALSE
SAI_TWAMP_SESSION_ATTR_TUNNEL_VNI,sai_uint32_t,0,FALSE
SAI_TWAMP_SESSION_ATTR_TUNNEL_UDP_SRC_PORT,sai_uint32_t,0,FALSE
SAI_TWAMP_SESSION_ATTR_TUNNEL_UDP_DST_PORT,sai_uint32_t,0,FALSE
SAI_TWAMP_SESSION_ATTR_TWAMP_ENCAPSULATION_TYPE,sai_twamp_encapsulation_type_t,SAI_TWAMP_ENCAPSULATION_TYPE_IP,FALSE
SAI_TWAMP_SESSION_ATTR_TWAMP_TIMESTAMP_FORMAT,sai_twamp_timestamp_format_t,SAI_TWAMP_TIMESTAMP_FORMAT_NTP,FALSE
SAI_TWAMP_SESSION_ATTR_SESSION_ENABLE_TRANSMIT,bool,FALSE,FALSE
SAI_TWAMP_SESSION_ATTR_PACKET_LENGTH,sai_uint32_t,256,FALSE
SAI_TWAMP_SESSION_ATTR_PORT,sai_object_id_t,SAI_NULL_OBJECT_ID,FALSE
SAI_TWAMP_SESSION_ATTR_TRANSMIT_PORT,sai_object_id_t,SAI_NULL_OBJECT_ID,TRUE
SAI_TWAMP_SESSION_ATTR_RECEIVE_PORT,sai_object_list_t,empty,FALSE
SAI_TWAMP_SESSION_ATTR_TWAMP_PKT_TX_MODE,sai_twamp_pkt_tx_mode_t,SAI_TWAMP_PKT_TX_MODE_CONTINUOUS,FALSE
SAI_TWAMP_SESSION_ATTR_TX_PKT_CNT,sai_uint32_t,0,FALSE
SAI_TWAMP_SESSION_ATTR_TX_PKT_PERIOD,sai_uint32_t,0,FALSE
SAI_TWAMP_SESSION_ATTR_TX_INTERVAL,sai_uint32_t,1000,FALSE
SAI_TWAMP_SESSION_ATTR_TIMEOUT,sai_uint32_t,3,FALSE
SAI_TWAMP_SESSION_ATTR_STATISTICS_INTERVAL,sai_uint32_t,10000,FALSE
SAI_TWAMP_SESSION_ATTR_STATS_COUNT_MODE,sai_stats_count_mode_t,SAI_STATS_COUNT_MODE_PACKET_AND_BYTE,FALSE
SAI_TWAMP_SESSION_ATTR_SELECTIVE_COUNTER_LIST,sai_object_list_t,empty,FALSE
SAI_UDF_ATTR_MATCH_ID,sai_object_id_t,SAI_NULL_OBJECT_ID,TRUE
SAI_UDF_ATTR_GROUP_ID,sai_object_id_t,SAI_NULL_OBJECT_ID,TRUE
SAI_UDF_ATTR_BASE,sai_udf_base_t,SAI_UDF_BASE_L2,FALSE
SAI_UDF_ATTR_OFFSET,sai_uint16_t,0,TRUE
SAI_UDF_ATTR_HASH_MASK,sai_u8_list_t,const,FALSE
SAI_UDF_MATCH_ATTR_L2_TYPE,sai_acl_field_data_t sai_uint16_t,0,FALSE
SAI_UDF_MATCH_ATTR_L3_TYPE,sai_acl_field_data_t sai_uint8_t,0,FALSE
SAI_UDF_MATCH_ATTR_GRE_TYPE,sai_acl_field_data_t sai_uint16_t,0,FALSE
SAI_UDF_MATCH_ATTR_PRIORITY,sai_uint8_t,0,FALSE
SAI_UDF_MATCH_ATTR_L4_DST_PORT_TYPE,sai_acl_field_data_t sai_uint16_t,0,FALSE
SAI_UDF_GROUP_ATTR_UDF_LIST,sai_object_list_t,empty list,FALSE
SAI_UDF_GROUP_ATTR_TYPE,sai_udf_group_type_t,SAI_UDF_GROUP_TYPE_GENERIC,FALSE
SAI_UDF_GROUP_ATTR_LENGTH,sai_uint16_t,0,TRUE
SAI_UDF_GROUP_ATTR_LABEL,char,"""""",FALSE
SAI_VIRTUAL_ROUTER_ATTR_ADMIN_V4_STATE,bool,TRUE,FALSE
SAI_VIRTUAL_ROUTER_ATTR_ADMIN_V6_STATE,bool,TRUE,FALSE
SAI_VIRTUAL_ROUTER_ATTR_SRC_MAC_ADDRESS,sai_mac_t,attrvalue SAI_SWITCH_ATTR_SRC_MAC_ADDRESS,FALSE
SAI_VIRTUAL_ROUTER_ATTR_VIOLATION_TTL1_PACKET_ACTION,sai_packet_action_t,SAI_PACKET_ACTION_TRAP,FALSE
SAI_VIRTUAL_ROUTER_ATTR_VIOLATION_IP_OPTIONS_PACKET_ACTION,sai_packet_action_t,SAI_PACKET_ACTION_TRAP,FALSE
SAI_VIRTUAL_ROUTER_ATTR_UNKNOWN_L3_MULTICAST_PACKET_ACTION,sai_packet_action_t,SAI_PACKET_ACTION_DROP,FALSE
SAI_VIRTUAL_ROUTER_ATTR_LABEL,char,"""""",FALSE
SAI_VLAN_ATTR_VLAN_ID,sai_uint16_t,0,TRUE
SAI_VLAN_ATTR_MEMBER_LIST,sai_object_list_t,empty list,FALSE
SAI_VLAN_ATTR_MAX_LEARNED_ADDRESSES,sai_uint32_t,0,FALSE
SAI_VLAN_ATTR_STP_INSTANCE,sai_object_id_t,attrvalue SAI_SWITCH_ATTR_DEFAULT_STP_INST_ID,FALSE
SAI_VLAN_ATTR_LEARN_DISABLE,bool,FALSE,FALSE
SAI_VLAN_ATTR_IPV4_MCAST_LOOKUP_KEY_TYPE,sai_vlan_mcast_lookup_key_type_t,SAI_VLAN_MCAST_LOOKUP_KEY_TYPE_MAC_DA,FALSE
SAI_VLAN_ATTR_IPV6_MCAST_LOOKUP_KEY_TYPE,sai_vlan_mcast_lookup_key_type_t,SAI_VLAN_MCAST_LOOKUP_KEY_TYPE_MAC_DA,FALSE
SAI_VLAN_ATTR_UNKNOWN_NON_IP_MCAST_OUTPUT_GROUP_ID,sai_object_id_t,SAI_NULL_OBJECT_ID,FALSE
SAI_VLAN_ATTR_UNKNOWN_IPV4_MCAST_OUTPUT_GROUP_ID,sai_object_id_t,SAI_NULL_OBJECT_ID,FALSE
SAI_VLAN_ATTR_UNKNOWN_IPV6_MCAST_OUTPUT_GROUP_ID,sai_object_id_t,SAI_NULL_OBJECT_ID,FALSE
SAI_VLAN_ATTR_UNKNOWN_LINKLOCAL_MCAST_OUTPUT_GROUP_ID,sai_object_id_t,SAI_NULL_OBJECT_ID,FALSE
SAI_VLAN_ATTR_INGRESS_ACL,sai_object_id_t,SAI_NULL_OBJECT_ID,FALSE
SAI_VLAN_ATTR_EGRESS_ACL,sai_object_id_t,SAI_NULL_OBJECT_ID,FALSE
SAI_VLAN_ATTR_META_DATA,sai_uint32_t,0,FALSE
SAI_VLAN_ATTR_UNKNOWN_UNICAST_FLOOD_CONTROL_TYPE,sai_vlan_flood_control_type_t,SAI_VLAN_FLOOD_CONTROL_TYPE_ALL,FALSE
SAI_VLAN_ATTR_UNKNOWN_UNICAST_FLOOD_GROUP,sai_object_id_t,SAI_NULL_OBJECT_ID,FALSE
SAI_VLAN_ATTR_UNKNOWN_MULTICAST_FLOOD_CONTROL_TYPE,sai_vlan_flood_control_type_t,SAI_VLAN_FLOOD_CONTROL_TYPE_ALL,FALSE
SAI_VLAN_ATTR_UNKNOWN_MULTICAST_FLOOD_GROUP,sai_object_id_t,SAI_NULL_OBJECT_ID,FALSE
SAI_VLAN_ATTR_BROADCAST_FLOOD_CONTROL_TYPE,sai_vlan_flood_control_type_t,SAI_VLAN_FLOOD_CONTROL_TYPE_ALL,FALSE
SAI_VLAN_ATTR_BROADCAST_FLOOD_GROUP,sai_object_id_t,SAI_NULL_OBJECT_ID,FALSE
SAI_VLAN_ATTR_CUSTOM_IGMP_SNOOPING_ENABLE,bool,FALSE,FALSE
SAI_VLAN_ATTR_TAM_OBJECT,sai_object_list_t,empty,FALSE
SAI_VLAN_ATTR_STATS_COUNT_MODE,sai_stats_count_mode_t,SAI_STATS_COUNT_MODE_PACKET_AND_BYTE,FALSE
SAI_VLAN_ATTR_SELECTIVE_COUNTER_LIST,sai_object_list_t,empty,FALSE
SAI_VLAN_MEMBER_ATTR_VLAN_ID,sai_object_id_t,SAI_NULL_OBJECT_ID,TRUE
SAI_VLAN_MEMBER_ATTR_BRIDGE_PORT_ID,sai_object_id_t,SAI_NULL_OBJECT_ID,TRUE
SAI_VLAN_MEMBER_ATTR_VLAN_TAGGING_MODE,sai_vlan_tagging_mode_t,SAI_VLAN_TAGGING_MODE_UNTAGGED,FALSE
SAI_VLAN_MEMBER_ATTR_TUNNEL_TERM_BUM_TX_DROP,bool,FALSE,FALSE
SAI_VLAN_MEMBER_ATTR_RX_DROP,bool,FALSE,FALSE
SAI_VLAN_MEMBER_ATTR_TX_DROP,bool,FALSE,FALSE
SAI_WRED_ATTR_GREEN_ENABLE,bool,FALSE,FALSE
SAI_WRED_ATTR_GREEN_MIN_THRESHOLD,sai_uint32_t,0,FALSE
SAI_WRED_ATTR_GREEN_MAX_THRESHOLD,sai_uint32_t,0,FALSE
SAI_WRED_ATTR_GREEN_DROP_PROBABILITY,sai_uint32_t,100,FALSE
SAI_WRED_ATTR_YELLOW_ENABLE,bool,FALSE,FALSE
SAI_WRED_ATTR_YELLOW_MIN_THRESHOLD,sai_uint32_t,0,FALSE
SAI_WRED_ATTR_YELLOW_MAX_THRESHOLD,sai_uint32_t,0,FALSE
SAI_WRED_ATTR_YELLOW_DROP_PROBABILITY,sai_uint32_t,100,FALSE
SAI_WRED_ATTR_RED_ENABLE,bool,FALSE,FALSE
SAI_WRED_ATTR_RED_MIN_THRESHOLD,sai_uint32_t,0,FALSE
SAI_WRED_ATTR_RED_MAX_THRESHOLD,sai_uint32_t,0,FALSE
SAI_WRED_ATTR_RED_DROP_PROBABILITY,sai_uint32_t,100,FALSE
SAI_WRED_ATTR_WEIGHT,sai_uint8_t,0,FALSE
SAI_WRED_ATTR_ECN_MARK_MODE,sai_ecn_mark_mode_t,SAI_ECN_MARK_MODE_NONE,FALSE
SAI_WRED_ATTR_ECN_GREEN_MIN_THRESHOLD,sai_uint32_t,0,FALSE
SAI_WRED_ATTR_ECN_GREEN_MAX_THRESHOLD,sai_uint32_t,0,FALSE
SAI_WRED_ATTR_ECN_GREEN_MARK_PROBABILITY,sai_uint32_t,100,FALSE
SAI_WRED_ATTR_ECN_YELLOW_MIN_THRESHOLD,sai_uint32_t,0,FALSE
SAI_WRED_ATTR_ECN_YELLOW_MAX_THRESHOLD,sai_uint32_t,0,FALSE
SAI_WRED_ATTR_ECN_YELLOW_MARK_PROBABILITY,sai_uint32_t,100,FALSE
SAI_WRED_ATTR_ECN_RED_MIN_THRESHOLD,sai_uint32_t,0,FALSE
SAI_WRED_ATTR_ECN_RED_MAX_THRESHOLD,sai_uint32_t,0,FALSE
SAI_WRED_ATTR_ECN_RED_MARK_PROBABILITY,sai_uint32_t,100,FALSE
SAI_WRED_ATTR_ECN_COLOR_UNAWARE_MIN_THRESHOLD,sai_uint32_t,0,FALSE
SAI_WRED_ATTR_ECN_COLOR_UNAWARE_MAX_THRESHOLD,sai_uint32_t,0,FALSE
SAI_WRED_ATTR_ECN_COLOR_UNAWARE_MARK_PROBABILITY,sai_uint32_t,100,FALSE
SAI_WRED_ATTR_GREEN_MIN_THRESHOLD_64,sai_uint64_t,0,FALSE
SAI_WRED_ATTR_GREEN_MAX_THRESHOLD_64,sai_uint64_t,0,FALSE
SAI_WRED_ATTR_YELLOW_MIN_THRESHOLD_64,sai_uint64_t,0,FALSE
SAI_WRED_ATTR_YELLOW_MAX_THRESHOLD_64,sai_uint64_t,0,FALSE
SAI_WRED_ATTR_RED_MIN_THRESHOLD_64,sai_uint64_t,0,FALSE
SAI_WRED_ATTR_RED_MAX_THRESHOLD_64,sai_uint64_t,0,FALSE
SAI_WRED_ATTR_ECN_GREEN_MIN_THRESHOLD_64,sai_uint64_t,0,FALSE
SAI_WRED_ATTR_ECN_GREEN_MAX_THRESHOLD_64,sai_uint64_t,0,FALSE
SAI_WRED_ATTR_ECN_YELLOW_MIN_THRESHOLD_64,sai_uint64_t,0,FALSE
SAI_WRED_ATTR_ECN_YELLOW_MAX_THRESHOLD_64,sai_uint64_t,0,FALSE
SAI_WRED_ATTR_ECN_RED_MIN_THRESHOLD_64,sai_uint64_t,0,FALSE
SAI_WRED_ATTR_ECN_RED_MAX_THRESHOLD_64,sai_uint64_t,0,FALSE
SAI_WRED_ATTR_ECN_COLOR_UNAWARE_MIN_THRESHOLD_64,sai_uint64_t,0,FALSE
SAI_WRED_ATTR_ECN_COLOR_UNAWARE_MAX_THRESHOLD_64,sai_uint64_t,0,FALSE
